id,label
344647,8
350142,1
331826,1
319898,8
348234,4
337107,1
344591,10
332688,8
331896,3
338650,8
334653,8
323842,9
346260,1
324380,4
308239,8
310782,10
337050,8
312428,2
323978,8
336537,8
319808,8
324774,9
306098,8
330314,4
346592,8
344805,1
319922,8
324014,6
314884,7
319351,8
332597,2
343853,8
336409,9
337731,7
329933,8
321168,2
320049,8
305779,6
309157,8
321751,4
350192,9
332931,8
335738,8
320493,9
338279,10
307613,1
329101,8
308993,3
310573,4
329716,7
323078,8
310105,4
307046,8
346806,8
338527,8
348917,8
344857,8
319409,8
313572,3
336874,8
315400,8
330535,8
332631,8
305159,8
333196,1
313776,1
319449,8
307765,8
307870,10
338037,8
331998,8
307587,8
320337,8
324879,9
314429,8
337473,3
349765,8
344432,2
323330,9
321559,1
306535,1
335647,8
323252,9
324762,9
309148,8
304961,8
313230,8
332307,8
323196,9
309034,8
321339,7
312916,8
338307,8
320233,9
308230,8
310796,6
314573,8
332588,9
322019,8
337618,8
324375,8
308790,8
323285,9
333083,8
336525,8
323368,9
324765,9
324755,9
331986,2
349741,1
324371,8
304981,8
319637,1
337270,8
321322,10
307702,8
320025,8
329572,8
330670,8
332753,2
311585,8
323140,9
309504,6
307905,3
324909,9
306443,1
322387,9
349176,3
326082,9
309564,8
332477,8
306988,8
310933,8
313608,8
343830,8
337757,8
320069,1
336606,9
335970,3
333290,3
323263,9
307761,3
329321,8
322343,9
322453,8
329575,4
307223,8
317667,8
315674,8
349586,4
319635,1
323390,9
335637,5
335748,8
337666,8
319608,7
329262,8
337175,8
310068,2
331974,9
329492,8
324798,9
319612,8
306547,5
310707,2
331996,3
346473,3
322192,8
325460,10
322002,9
332468,9
338926,8
334768,8
312077,4
309681,3
314009,8
321541,3
323858,8
330105,8
306876,1
314301,1
314192,8
321286,1
348887,7
305054,8
310130,1
314140,8
321856,8
337740,1
321169,1
305570,4
323857,1
330874,6
324625,2
322012,10
307137,1
325223,9
324296,1
324280,1
332004,8
307680,8
309130,1
311058,4
328868,7
305205,1
334752,8
320554,8
321970,3
338207,8
309107,1
333340,8
338886,8
324580,3
310516,8
311918,4
324934,9
305148,3
321313,8
307471,1
314373,8
333446,8
324372,8
305436,8
333047,8
321528,5
310073,8
321593,4
312573,8
327769,9
307450,1
337860,8
332697,8
332896,8
323202,9
321563,8
310649,1
321582,4
305046,8
324150,1
307173,5
331878,8
330841,8
324631,8
307357,4
337438,8
323130,9
321905,8
308631,8
304849,1
305894,1
338804,5
332754,8
309826,8
324672,9
321911,8
323295,9
337114,8
305258,1
327770,9
315361,8
324916,9
331811,8
324844,9
349701,5
344444,10
319999,5
332460,9
344241,10
324840,9
330059,8
324904,9
323164,9
304846,1
309512,8
330459,8
306581,8
335799,8
306576,1
311298,8
324866,9
324152,1
324965,9
312099,8
305807,4
322860,8
334065,8
337936,8
312522,8
337168,5
336496,8
330794,8
325293,9
304884,8
337147,8
314518,8
320335,8
311453,8
330831,8
311353,8
332008,10
320002,9
320483,9
324661,9
324404,10
336392,8
317807,8
333316,3
344570,10
337498,8
330616,8
315577,7
306489,8
330424,8
319354,8
324002,4
324684,8
335739,8
312043,1
317784,8
322654,4
321277,1
322658,8
323814,9
316533,8
336957,8
304939,1
323829,9
320434,9
338065,8
305725,8
329836,8
312444,5
338698,9
305030,8
312611,10
333096,8
321294,8
336428,9
337046,8
337370,1
322538,8
332262,9
322320,9
321170,8
319988,6
315279,8
310484,4
307746,8
322592,8
331810,8
346959,8
325447,9
307710,8
324025,4
322867,1
313576,4
313715,8
315347,8
314091,8
309140,7
309480,1
323093,2
321961,1
323835,9
327807,9
324426,8
331089,9
322577,8
311132,8
308085,8
330564,8
330581,3
323975,8
333555,9
312952,1
322497,8
324147,1
322399,9
321534,3
308986,3
324605,3
319732,8
330591,1
332168,8
313345,10
329310,7
321720,3
323966,10
323261,9
323251,9
323129,9
314008,8
330864,8
315634,1
324146,10
324730,9
323331,9
344897,3
338798,1
318778,8
345136,8
313202,8
337532,8
325918,9
320008,10
323250,9
307605,2
329764,3
324109,8
346924,8
324388,8
321190,3
315489,8
308389,1
333463,8
324734,9
324449,8
323189,9
314986,8
314273,3
307584,8
308091,2
317200,8
324134,10
333045,8
324374,8
307959,8
334020,8
306484,9
337129,8
305012,4
344615,9
324145,8
322703,4
333718,10
331820,8
331942,4
329079,8
333844,8
310907,2
344710,5
330498,8
319387,3
322544,8
328798,8
321184,8
307232,4
338658,8
332650,8
321954,8
325498,9
322322,9
344014,8
338285,8
322890,8
322177,9
322049,8
321298,6
322845,1
324015,8
345561,8
320690,2
336577,8
338024,6
320251,8
321900,9
316532,8
335135,8
330416,9
336103,9
311642,9
335794,8
319979,8
332561,1
321816,6
343843,1
335338,8
313974,8
337854,8
336902,8
322531,4
322642,4
331756,2
337878,7
320911,3
324669,9
323339,9
332340,8
337466,8
330771,8
323977,1
308370,8
323282,9
323219,9
323840,9
323228,9
329066,3
309644,1
347137,6
309525,1
336573,9
323235,9
304887,1
319893,8
332118,3
309900,10
324959,9
304945,8
324960,9
307540,8
348864,8
340703,1
321565,10
312855,2
323146,9
324857,9
323342,9
308518,8
311767,8
332579,9
308824,8
317762,8
308035,8
336098,9
307960,8
344551,9
338154,8
323838,9
330169,8
309754,10
323844,9
306351,7
310663,9
323186,9
306818,1
309676,8
323340,9
323163,9
319985,8
308607,8
321598,4
324450,8
305379,3
323298,9
333497,8
324764,9
323820,9
320289,6
321562,10
333214,1
330587,3
336900,8
348449,4
324908,9
311798,8
338467,8
316706,8
333905,8
304881,1
348282,1
323132,9
328800,10
323847,9
323216,9
306959,1
324735,9
312906,5
308658,6
321619,8
332037,8
307878,1
324283,10
315146,8
322505,4
309649,8
331847,4
306602,6
336680,8
337689,8
311419,8
307048,1
310305,10
305719,1
311302,8
305123,3
307293,1
348446,8
324679,8
309751,4
338491,8
337692,8
332315,8
309097,1
324079,6
329962,8
336817,4
323022,8
321285,1
308768,8
337699,9
336526,8
349167,8
305031,7
336847,8
332664,1
332467,9
332998,1
308263,8
325138,8
332345,1
321826,8
330890,3
322480,8
319825,9
336420,3
332958,8
337096,9
315783,4
329982,3
322677,8
305485,8
312274,8
316531,8
333053,8
332010,10
319854,8
305757,8
305176,8
311650,1
337594,6
316849,8
349137,8
323329,9
337670,4
309875,4
337218,8
309290,3
307533,8
338696,1
310880,3
320503,9
305408,1
329199,8
318828,8
323230,9
324039,2
310556,7
333136,8
313372,8
304953,4
323173,9
323176,9
310166,7
324091,8
336631,8
323260,9
307036,8
307593,8
323224,9
324650,9
343548,1
313517,1
337606,8
321260,8
322354,9
336970,8
337842,8
304852,8
349139,8
320354,9
337853,8
330770,8
323142,9
323381,9
305606,8
323836,9
309039,8
336032,9
304978,3
321212,8
332953,9
324729,9
304863,8
318239,8
306300,8
323127,9
323287,9
325113,9
308586,4
329989,2
310306,8
338340,8
327542,9
319386,7
307660,8
322946,3
310562,8
305744,1
332041,10
324667,9
306857,8
330422,8
324400,1
324808,9
323325,9
312508,7
324802,9
322672,8
331883,3
344261,8
337126,7
330865,8
321575,2
321592,4
321289,1
338027,8
343848,9
322666,8
330919,4
321976,1
322401,9
333235,3
321621,8
322396,9
332928,8
322635,4
322545,8
310897,8
324635,1
310969,8
315816,4
308069,1
320844,8
321304,1
332377,5
332569,9
338710,9
309042,8
311356,8
336442,4
337922,8
337908,1
311311,1
320250,3
338341,1
322443,7
338168,10
321199,10
320435,9
338155,8
319369,8
306180,8
305756,1
323121,9
337775,4
330433,8
321573,8
314023,1
349868,4
349125,8
320006,9
324742,9
308426,1
308169,8
346788,1
320068,1
350254,5
308226,8
310112,8
323122,9
347136,7
309162,4
324885,9
322221,9
320545,9
336903,3
323141,9
323259,9
345701,7
344251,1
324894,9
324958,9
307115,1
337872,7
314628,8
313040,8
332466,8
346542,3
307664,1
323165,9
305074,1
304997,1
324287,10
323352,9
335993,9
336866,8
320346,8
307351,8
332621,3
306263,7
329029,8
308210,8
333276,8
313057,8
329142,8
337734,3
335358,8
322255,9
309556,8
305362,8
331978,8
319434,4
325442,9
324681,1
307586,8
320409,8
324282,1
337463,8
321704,4
332454,8
305758,1
331701,3
329024,7
337306,8
314322,3
311358,8
346774,8
313400,7
344588,1
336972,8
331884,8
331840,4
324123,5
321543,3
314015,9
320137,5
322759,9
322727,4
322863,8
308800,8
322704,8
332005,8
321337,1
321302,1
324065,9
320537,9
320132,4
325461,10
309121,8
311698,8
336476,9
336608,1
322753,9
319481,1
338074,9
338159,8
307868,5
306883,3
321625,9
321663,8
320524,10
306477,8
345503,8
320541,10
336713,8
305613,9
337693,8
324019,1
318729,8
329509,1
310735,7
322581,4
305342,8
325040,9
314977,7
336545,9
327795,9
338653,9
331981,8
337785,8
349793,3
331975,9
324741,9
324431,1
323283,9
337178,8
324379,8
310293,8
337277,8
332450,3
315787,8
313728,8
324772,9
310311,8
327540,9
323291,9
307667,8
305486,7
310377,1
309135,1
324071,8
323345,9
343839,6
347937,8
312055,8
337674,8
324139,4
338683,9
322748,8
318238,8
312425,8
315698,10
323147,9
333061,8
305653,8
338921,3
322742,8
306753,3
322951,8
309587,8
336849,8
324110,8
306882,8
321331,8
319336,8
306976,1
338290,3
331897,8
319862,8
319442,8
336554,8
309603,3
336541,8
334744,8
331914,4
323080,10
312271,8
318135,8
331809,1
322319,9
319314,8
321661,8
322276,9
319977,2
337681,8
325433,9
309969,1
323998,6
313379,8
338454,8
332920,8
338517,8
306400,8
323095,8
324072,8
316792,8
346303,8
322848,8
328750,8
319807,8
319728,9
323826,9
343888,8
309143,8
336386,8
346182,8
311687,8
323011,8
313028,3
322561,8
329197,8
319416,8
337947,4
323824,9
321218,1
308965,4
306032,8
332924,1
309554,8
349304,8
323289,9
306546,8
337766,4
324398,1
323204,9
306164,1
320000,10
311974,8
323851,9
344230,9
304974,1
349971,1
333456,8
328981,4
325470,10
338851,8
337847,8
305358,8
305069,1
332578,9
323934,8
333942,7
321960,8
324403,1
306823,8
323128,9
313892,1
336568,3
331872,8
324386,8
313451,8
312677,8
306115,8
311413,1
324389,8
306607,7
335788,8
344593,4
319388,8
317212,8
305992,8
331015,8
323137,9
338141,8
308582,8
321539,3
321706,1
310485,8
309859,9
306984,8
325112,9
333959,8
328594,9
337724,8
306262,8
307210,3
307742,10
311382,1
321396,5
323875,7
324924,9
336446,9
304964,8
306001,8
308980,8
311473,7
312470,1
315760,8
317124,8
320712,8
320925,5
321906,8
322537,8
322540,8
323152,9
323225,9
323343,9
323417,9
323879,8
324378,8
324629,1
324732,9
331999,8
332036,1
332740,10
332927,8
333938,3
334092,8
334648,8
336947,8
337500,8
337963,3
337990,8
338028,8
346344,8
346549,7
347297,8
308477,8
320313,3
332011,8
337433,8
304864,2
304905,2
304916,8
304963,8
304973,1
305073,1
305447,8
305605,8
305743,4
305792,3
308111,5
308580,3
309706,1
311669,3
312507,1
312763,3
328846,8
322459,9
322461,9
321607,9
323177,9
323813,9
323827,9
321568,7
320145,3
321527,5
324723,9
324937,9
329814,9
330617,1
332071,1
333903,8
324743,9
324834,9
336028,9
336389,8
349168,7
304952,8
304962,8
305374,8
305624,9
305672,4
305674,8
305804,8
305847,8
305865,8
306079,2
306080,8
306315,8
307335,8
307884,8
308101,4
308297,8
309485,8
309562,6
309663,8
309858,8
309958,8
309987,8
310022,9
310163,7
310543,8
310545,10
310642,1
311183,8
311752,10
311972,8
312286,8
312371,8
312395,1
312756,8
313009,8
313047,5
313770,8
314197,8
314463,8
314592,9
315191,8
315404,1
315813,8
317819,8
319376,8
319379,8
319530,1
319651,4
319967,8
319986,6
320450,10
320452,8
320471,8
320539,9
320643,8
320692,8
321174,8
321278,8
321315,8
321317,8
321550,1
321616,9
321673,8
321676,5
321757,8
321761,8
322378,9
322397,9
322421,8
322469,8
322557,8
322579,8
322582,4
322632,4
322650,4
322707,8
322892,9
322986,8
323139,9
323149,9
323179,9
323182,9
323188,9
323213,8
323215,9
323222,9
323286,9
323312,9
323344,9
323371,9
323448,9
323981,1
324094,8
324143,1
324369,8
324381,1
324480,8
325241,9
328792,8
328795,8
328833,7
330420,8
330950,8
330952,8
331976,9
331985,8
332444,3
332694,8
332784,8
332852,8
332886,8
333070,8
333914,8
333918,8
336124,9
336396,3
336553,8
336860,8
336867,8
336946,8
337201,8
337263,8
337455,3
337508,8
338089,8
339006,8
339980,5
343971,8
343980,8
344036,8
344073,9
344308,4
345179,9
348136,7
348918,8
349316,8
349969,1
338354,1
305217,1
306866,10
307047,8
307421,1
307565,5
308145,9
308814,8
311802,7
320334,8
325234,9
324887,9
306134,8
310330,8
312397,8
313049,8
313673,8
313967,8
322216,8
322539,8
322901,2
308158,8
323218,9
323262,9
323356,9
323447,9
323943,1
324012,8
325103,9
329136,8
330734,8
332022,2
333917,8
337539,8
338331,10
304845,1
304878,1
304912,5
304991,4
305487,1
306146,1
306247,1
306624,2
307629,1
307964,3
311026,1
311243,8
311449,8
311965,8
313194,8
314137,3
314213,8
346163,7
315078,8
319385,5
319933,1
323399,9
324576,3
322014,8
327523,8
329219,8
329845,8
330548,8
330586,8
331016,8
332911,9
335350,8
338833,9
338838,9
325348,9
337408,8
305049,1
305312,1
305354,1
305565,8
306766,8
306878,8
306920,8
307065,3
307431,8
307698,8
307809,8
308003,8
308157,6
308546,8
308616,2
311525,8
311984,8
314062,1
314448,9
314490,8
315764,8
316753,8
319315,8
319378,1
319406,4
319877,8
319924,8
320056,8
320487,9
320683,1
320688,1
320850,8
321186,8
321546,1
321622,9
321626,9
321859,8
322356,9
322395,9
322562,8
322568,8
322630,7
322653,8
322706,8
322734,8
322743,8
322850,9
322868,1
323131,9
323150,9
323159,9
323254,9
323258,9
323292,9
323310,9
323311,9
323314,9
323319,9
323346,9
323400,9
323994,8
324017,3
324020,1
324076,3
324092,8
324299,5
324397,10
324402,1
324430,8
324955,9
325479,7
325496,10
325500,9
325922,9
325976,9
325979,9
328779,8
328943,8
329077,1
329878,8
329911,8
329954,3
330266,9
330554,8
330811,8
330901,8
331905,4
332017,8
332075,10
332929,8
333058,8
333315,8
333325,8
333338,8
333379,8
334240,8
335166,8
336385,9
336532,7
336616,8
336992,8
337207,8
337560,8
337763,8
338318,8
338768,8
342331,8
343833,9
343970,8
344007,1
344026,6
344058,9
344067,8
344242,9
344776,8
345314,3
347464,8
348358,8
349749,8
305701,8
312615,8
315589,8
320526,9
323388,9
324875,9
324767,9
330894,8
324784,9
324804,9
338107,1
304850,8
306004,1
313084,3
319295,8
320621,10
321599,8
321696,8
321743,1
322481,8
322507,4
323306,9
332917,8
333057,8
335485,8
348795,5
349142,8
349175,7
350073,8
350181,9
305058,1
305421,8
305594,1
305596,1
305857,8
305969,1
306102,3
307392,8
308195,8
332596,3
309174,8
309455,8
310409,4
311218,1
312841,8
313051,8
313258,1
313989,8
314520,8
315571,4
320685,8
321192,3
322574,8
322741,8
324187,8
324912,9
324738,9
329714,8
328913,7
335643,8
348804,8
304882,4
305212,1
305307,8
305885,8
306336,8
306718,3
306869,10
306992,2
308258,1
308347,8
308349,1
308399,8
308561,1
308622,8
308657,1
308844,10
309126,8
309243,3
309895,1
310487,8
310502,8
311075,8
311386,8
311399,1
311549,8
311615,8
313266,8
313397,8
313907,9
313945,1
314295,1
314885,1
315081,8
315238,8
316471,8
319345,8
319370,8
319834,9
319945,8
319987,6
320044,9
320922,8
321128,8
321200,8
321532,5
321560,1
321567,3
321585,4
322502,8
322671,8
322733,8
322857,9
322862,8
322884,1
322889,1
323021,9
323135,9
323226,9
323234,9
323308,8
323370,9
324005,1
324031,8
324096,8
324138,4
324286,1
324298,1
324376,8
324671,9
325120,8
327526,8
328774,9
329272,8
329315,1
329530,8
330035,4
330058,8
330226,8
330701,9
330741,7
330954,8
331710,1
331990,6
332876,8
332913,9
333108,8
333171,9
333215,3
333280,8
335605,5
335765,3
335952,3
336395,8
337551,8
337566,8
337987,8
338350,2
338678,9
338749,1
338805,1
340467,1
343972,8
344027,8
344307,4
344560,8
344589,3
345979,8
346540,8
348919,8
348925,8
349923,3
350100,8
319731,9
306257,8
307595,1
311114,10
314864,8
324548,7
322340,9
324416,8
328984,8
337417,4
305390,8
310876,8
314835,1
317845,8
319810,8
321620,8
321866,8
323354,9
325204,9
330579,3
331860,3
332481,9
332915,9
335117,8
337572,8
343984,4
347677,8
349661,7
349725,8
304857,8
304988,8
305093,5
305706,8
305389,3
305501,1
305528,8
305814,5
305853,1
305949,8
305999,3
306142,4
306663,8
306775,4
306788,3
307098,8
307260,8
307594,3
307670,1
307909,8
307945,1
309551,1
309838,8
311632,1
311969,3
312662,1
314765,8
315350,8
322463,9
322754,9
323099,9
323126,9
324082,9
321513,3
325308,9
325459,5
329274,9
329886,8
330157,3
335717,3
337765,5
332662,8
337401,1
337992,8
346066,8
305060,8
305273,3
306000,8
306003,1
306117,2
306238,8
306390,3
307473,8
307476,8
307643,8
307691,1
307695,8
307915,9
309297,1
309308,1
309690,8
309889,7
310669,7
311700,8
311888,4
311991,8
312052,4
312065,8
312325,4
312408,8
312553,8
312603,8
314101,3
314125,4
314309,9
314453,1
314507,8
317320,8
318182,7
318958,8
319395,4
319915,8
319923,1
320058,8
320436,9
320609,10
320713,8
320876,8
321125,8
321276,1
321287,1
321540,3
321545,3
321600,8
321642,8
321664,8
321729,8
321753,1
322041,10
322355,9
322445,6
322495,8
322501,8
322552,8
322554,8
322828,8
322903,8
323017,10
323134,9
323162,9
323195,9
323197,9
323220,9
323248,9
323249,9
323267,9
323313,9
323987,6
324026,8
324042,8
324047,8
324105,8
324142,8
324382,8
324783,9
324837,9
325919,9
328847,8
328897,3
329035,8
329181,7
329431,8
329510,8
329740,1
330487,8
332069,9
332074,10
332594,4
333050,8
333429,8
334778,8
335138,7
335747,8
336401,8
336634,3
336747,8
336959,1
337032,9
337102,8
337182,8
337230,8
337393,8
337452,8
337507,8
337677,8
337960,8
338247,8
338414,8
338697,8
343946,8
343994,1
346742,4
349792,3
349851,3
305710,8
305986,8
308131,8
308903,1
314555,1
321780,9
323328,9
323852,9
324890,9
324740,9
325219,9
307128,8
309619,8
310458,1
311078,8
313696,8
314045,8
315378,8
319978,1
320100,1
320355,9
322018,8
322705,8
322893,9
323171,9
323988,8
324023,1
324074,8
324087,3
330084,4
330618,3
331948,8
331951,7
332034,7
332043,10
332899,9
334658,8
335124,8
335483,8
350186,9
311536,10
357630,8
355747,9
358354,8
322067,8
357633,3
356874,9
361682,8
358035,9
356829,3
305726,1
356305,10
358099,9
357226,9
357910,9
356372,9
310766,8
325315,9
358738,3
338896,7
344590,3
357639,10
358555,8
358324,9
361369,6
355783,9
354788,2
357560,9
359030,9
357945,9
357044,9
333399,8
357234,10
324189,1
357715,10
357999,9
356669,9
325303,9
349697,1
356251,8
355939,9
358009,3
309371,8
356670,3
358736,10
333227,8
329608,2
309688,8
357787,9
357180,9
355533,9
356125,9
358553,8
331841,4
330304,7
333517,8
357700,9
322587,4
355316,9
312309,8
323236,9
356876,8
357499,9
357656,9
356346,3
356995,3
357742,9
320550,1
356630,9
353775,8
355438,9
369168,8
346981,1
337794,8
357792,9
322042,9
347021,4
356465,9
335735,4
358327,9
357449,8
357655,9
357692,9
357794,9
356997,9
357544,10
335723,8
325984,9
308931,1
314026,1
307489,1
311595,1
306837,1
311275,8
336065,9
338283,7
338867,9
307822,8
338588,8
337565,8
334660,9
336017,8
333400,8
306072,8
333514,8
321615,10
321290,1
319568,9
322668,8
348711,1
308053,4
319800,8
366403,8
330425,4
328529,9
366287,7
366292,10
366269,1
332926,8
339487,1
308520,1
343841,1
349006,8
346809,3
352090,1
351873,5
314880,8
345669,8
345582,3
324018,3
323990,1
353689,3
351609,1
322588,8
366365,10
338800,2
312009,8
324368,1
364099,9
333015,8
332773,8
342004,1
323856,2
310464,1
309016,1
341075,1
305484,1
308419,1
308699,1
342270,1
359432,1
339526,1
340482,1
340677,1
315335,1
341435,1
305641,1
342210,1
341270,1
315820,5
348363,8
347072,8
329226,1
308012,1
346165,8
348316,8
309887,8
307525,10
314459,1
336728,8
337204,3
309386,8
336897,8
338920,8
337675,2
312400,5
337090,3
315105,8
338875,8
306673,8
338741,8
315569,1
311627,4
307099,1
335639,6
333141,8
328887,4
327849,9
327893,9
326061,9
326067,9
324805,9
307568,1
326035,9
336136,9
322680,4
347369,7
314483,4
329502,3
314238,1
308152,8
309620,1
358142,9
358126,9
357377,9
357366,9
358130,9
357379,3
357355,9
358217,9
358163,9
358164,3
357418,9
358181,9
358168,8
358153,9
356087,9
358104,9
358098,8
358077,3
357329,9
356649,9
357320,9
314311,8
357253,9
357048,9
357016,9
357836,3
315426,3
357613,9
358326,9
357618,8
337883,7
358265,9
357552,9
311641,8
337850,8
355555,8
355276,8
355228,9
355255,10
349251,8
310148,8
310414,2
357779,10
332636,8
337897,8
332932,8
357632,3
357621,9
358304,9
313048,1
358253,9
356692,9
338137,9
337422,8
357500,9
337423,8
332188,3
355729,3
337209,8
337549,4
311137,8
357996,9
357129,9
357136,3
357989,9
357201,3
338200,1
357095,9
338370,9
338608,9
338603,3
357978,9
357139,9
357148,3
357122,9
357125,10
357126,9
320513,9
312207,1
334897,8
308491,8
346627,1
347453,1
345645,1
346576,1
348178,1
344663,1
347415,1
348368,1
346424,1
345154,1
346653,1
338332,1
346003,1
346479,1
345636,1
347392,1
339233,1
348579,1
348612,1
352166,1
345122,1
346633,1
346998,1
346296,1
346511,1
329418,1
345302,1
345400,1
358454,8
345313,1
345167,1
346094,1
348658,1
346539,1
347345,1
347172,1
348109,1
347246,1
313274,1
345995,1
346382,1
345809,1
346215,1
345853,1
345379,1
313524,8
325911,9
334579,8
332591,9
332709,7
309015,1
311077,1
364462,9
341416,1
364846,3
338953,1
313471,1
361385,4
363433,9
340263,1
349990,8
346284,8
312165,8
337547,8
349112,8
360230,1
305474,8
335774,8
349858,3
314468,1
310511,1
342318,2
309250,1
307174,8
310223,8
324719,9
311071,1
347290,1
323380,9
329776,1
347371,1
368344,10
306832,1
346612,8
332007,10
352328,8
310940,1
366747,9
309768,8
311853,1
331953,3
349088,8
367919,1
341572,1
315142,1
320616,10
339251,2
330273,1
343169,5
322745,7
306868,1
309345,8
329894,1
367143,9
306670,7
362671,8
341083,8
319916,8
347201,8
311392,8
364804,8
340763,8
310339,1
307286,1
332930,3
311377,8
368151,1
321275,8
345176,1
341504,1
341077,8
345041,1
364496,9
368305,8
367343,9
340819,1
310834,1
313680,1
343254,2
342738,2
347286,1
365274,8
368233,1
312990,3
365298,8
343764,1
329771,1
309353,1
314149,1
310134,8
338931,2
311942,1
326033,9
350813,8
367353,9
350300,8
311342,2
351379,10
338744,9
341447,1
305099,8
369062,1
346713,1
315084,1
342476,8
348414,1
350599,8
365209,9
341999,1
349017,3
309441,1
342934,8
337186,1
322923,8
313965,1
362209,8
313628,1
315074,1
339567,1
310042,1
367362,1
341427,1
305228,1
309152,1
330642,8
343365,1
308388,1
342792,8
307073,4
357956,9
357096,9
306700,3
357498,9
333380,8
314779,1
358267,10
337156,8
325416,9
345854,1
357758,9
355671,9
337063,8
309818,8
314750,3
338417,3
329896,8
355733,9
334896,10
355876,9
355951,9
309366,1
349587,4
361367,1
324863,9
307642,1
309658,8
311743,1
339534,1
307495,4
369264,7
355595,9
305328,1
357050,9
357575,9
333364,6
340584,1
315026,1
355302,9
340089,1
341194,8
325352,9
368240,1
338751,1
342990,8
343483,1
310463,1
368068,8
359453,9
343734,1
315260,1
366471,7
310077,1
312958,8
313136,8
305127,3
307939,2
363514,9
306515,8
324906,9
341148,2
349234,1
311442,1
343796,1
339432,8
315002,8
306479,4
350583,1
314878,5
313823,1
343436,8
343389,8
360183,1
365790,3
313640,8
338914,1
308386,8
368165,1
330606,3
364871,3
310006,2
368217,3
360246,3
350285,8
368338,1
325256,9
305957,2
354999,2
308173,1
311899,8
325022,9
358576,8
305950,1
348845,9
347126,1
311450,1
314249,7
349830,3
310164,1
348231,8
325217,9
338973,3
311148,6
340079,1
312973,1
340205,1
336105,9
359799,9
307033,1
310894,8
332429,8
314360,1
311241,1
311180,1
314097,1
345743,1
343117,8
307736,1
308317,1
315042,1
340772,1
313929,3
341131,1
311396,1
308916,8
338882,1
368215,8
340965,8
345652,8
350627,8
329470,1
304966,1
305422,4
341341,1
341629,1
324956,9
339320,2
359539,3
353850,7
311293,1
325404,9
324279,8
332428,8
332103,8
350458,8
344885,7
308038,1
349275,8
368056,9
351269,1
312142,1
350069,3
332451,9
305552,1
308972,3
340546,8
305643,1
315829,7
314757,1
323815,9
342263,8
367417,1
323822,9
313297,8
343755,8
313956,2
350007,1
315636,1
342618,8
326112,9
342766,1
313323,1
343765,1
337996,1
305268,1
349177,3
308251,1
314153,1
311846,8
336366,9
325240,9
367154,9
342481,5
325318,9
348669,2
306218,5
366976,8
339255,3
336370,9
348419,7
341244,1
339986,1
324953,9
320089,1
349704,5
341277,8
366513,9
314240,1
326063,9
311284,1
325910,9
319983,8
351887,8
364580,2
308565,1
339173,5
349902,3
363295,1
309940,8
310995,1
321569,8
363527,8
338466,8
311718,1
360175,1
312160,1
369318,8
324917,9
339614,8
360190,1
309236,3
325276,9
311922,8
338335,4
307607,1
305583,1
340350,8
342591,1
342991,8
325343,9
360436,8
311093,1
358522,9
367349,9
340384,1
342269,2
321823,1
341941,1
346697,8
310219,1
359921,9
339857,8
340761,1
314462,1
310568,8
350562,8
343280,1
324966,9
319892,8
330047,1
342623,8
368066,1
346733,1
315296,1
359751,9
347158,1
328758,3
311926,1
367635,8
350706,1
315592,1
351487,2
310367,1
361804,8
311000,8
307807,8
348191,8
345661,8
308033,1
329563,8
342730,8
367840,3
311825,5
313385,1
307333,1
339313,3
309597,1
338855,9
329425,8
343206,3
309210,8
313891,8
349608,4
329099,8
366781,9
361182,10
342530,1
338284,8
363652,8
343101,1
339836,8
346636,1
343268,8
307560,1
308939,1
343269,8
342173,8
363175,8
343380,8
310447,1
324786,9
360172,1
315117,1
366243,6
305754,2
339556,2
342887,1
336668,8
339286,8
325005,9
368288,5
339581,1
314237,1
338014,10
356095,9
314144,8
335988,9
344762,8
329330,1
313903,1
367093,9
331843,4
315082,1
355162,3
305424,1
325263,9
348945,8
357130,9
333389,7
357842,8
356538,9
349685,1
321852,3
343655,1
369171,9
357735,10
305016,1
306730,1
342218,1
341929,1
309284,1
347313,8
310895,1
340830,8
365576,8
306573,1
346506,8
352069,1
368083,9
314262,1
305875,1
335221,8
312695,3
368111,3
325075,9
368364,9
312208,7
326051,9
361487,2
332446,4
345413,8
338127,8
360584,8
314640,1
362236,9
329826,1
342385,1
360207,1
339139,1
349376,1
325007,9
315001,8
325971,9
343238,1
310027,1
341349,8
315010,1
329584,1
346717,1
307974,1
325323,9
343471,1
351314,1
347181,1
312875,1
309806,1
305664,1
330268,8
339414,1
342994,8
360204,1
313761,1
357166,3
313176,8
356824,9
324826,9
333275,8
357147,8
358332,3
342841,5
324897,9
324973,9
315364,1
325421,9
364640,8
343327,8
306007,1
321552,1
306166,1
305116,1
338977,1
340387,3
310761,8
339382,1
337150,8
310413,1
306815,1
324560,8
311896,1
315437,8
367884,1
312974,8
368546,9
353780,9
367951,1
351640,1
335734,9
339363,8
361955,1
363677,1
368581,2
347247,1
339964,1
309245,1
309434,8
339859,1
306421,1
341464,8
307901,1
338552,1
351722,2
340680,1
306269,8
327844,9
339784,8
329881,1
336506,8
324133,4
336603,8
340759,2
366598,9
350974,1
345200,1
368580,3
307773,1
340119,1
311661,8
360191,1
311210,8
341772,8
330181,3
307676,1
313851,1
349187,7
315785,1
315521,8
306933,8
325073,9
353598,9
329436,1
351576,8
342598,1
315366,1
364275,1
327843,9
344240,1
339637,8
368272,3
340511,1
336106,9
349980,8
341429,8
342419,8
367409,1
312014,1
333157,9
361764,8
350002,1
351849,1
308066,1
325452,9
367858,1
314347,1
314261,8
312349,1
340239,1
351937,1
308610,8
341216,1
314574,1
340857,8
347094,1
342982,1
314570,1
364736,9
307319,1
340801,5
305240,1
310664,1
314596,1
329574,1
351042,9
307957,1
365819,9
367862,3
340881,1
342592,1
311101,4
340952,1
341519,1
350821,1
349834,3
367384,1
342570,2
314869,1
352243,1
330224,8
338181,1
353445,3
339475,1
339515,8
346405,1
368547,9
340093,1
329781,1
313256,1
364982,9
350897,8
364214,1
319323,8
306645,1
343166,1
336708,8
321788,9
341563,8
329474,1
330060,8
343334,1
354837,1
332177,8
315613,1
313944,1
346242,1
350030,5
348423,8
339570,1
307347,1
360564,4
308031,1
310689,3
346341,8
340108,1
361677,3
311914,5
349687,1
345733,1
323848,9
367053,9
338716,8
340223,8
358014,9
357526,9
356853,10
357827,9
358756,8
330252,8
357769,9
356668,9
354787,4
337667,8
360229,1
358249,3
335491,8
357024,9
356041,9
349178,7
349601,4
357162,9
356903,8
356369,9
324417,8
329538,8
357192,9
335635,4
356092,9
355744,9
358089,9
355637,9
355485,3
355514,9
356825,9
357750,3
356568,9
361678,3
356243,10
344648,8
355507,8
319248,8
357075,3
315616,4
306468,7
357032,9
358030,9
355945,9
320057,5
315612,1
311394,1
319894,8
316646,8
369314,9
357680,10
313364,2
325249,9
357871,9
322935,3
335767,9
330511,8
324833,9
336030,9
311403,1
324868,9
356417,9
356946,9
324434,1
356631,9
369208,9
355917,3
355622,9
355731,10
357652,9
369222,9
324870,9
357184,9
332976,8
325078,9
358980,9
358355,9
342140,8
322040,9
334400,8
338367,8
328884,4
335943,8
324582,8
357668,10
324168,4
361371,8
350209,9
310687,1
310712,5
357144,9
333072,8
369253,4
358798,1
356954,10
313103,1
360169,1
349062,8
366717,4
357982,9
355598,9
324573,3
311314,4
357023,3
355727,9
356408,9
356988,9
356961,9
358209,9
357258,3
308134,8
356182,8
311680,8
357661,9
357472,9
338190,8
357146,9
357666,9
355539,9
354804,3
358749,2
355768,9
331850,3
356971,3
358358,9
355690,9
357480,3
357454,9
358932,1
355425,9
356873,3
357502,9
358244,8
358754,7
357897,9
315190,8
344952,3
305965,8
357801,10
358264,9
331844,4
357178,10
356957,9
357688,9
357628,9
358044,9
358247,9
359008,9
312614,8
323101,1
312549,8
360275,3
357849,9
361685,8
338188,8
357506,9
359005,9
356975,9
349875,1
355457,9
358568,1
355967,9
357766,9
333515,8
357697,9
311610,8
322785,8
310018,8
311472,1
306116,1
309176,1
307078,1
313332,4
330082,5
306708,8
348132,8
332950,9
344158,8
321612,9
321613,8
306359,6
337332,2
337337,8
336468,8
338878,6
309967,3
337296,6
322970,8
319318,4
335223,6
332614,4
336426,8
311960,1
337728,8
305269,5
325314,9
316206,8
333000,8
336885,8
315433,8
337495,1
312740,8
338498,8
306058,8
338518,8
312887,4
338266,2
305576,1
305717,1
343035,3
337617,8
337453,8
331827,1
305585,1
314972,8
309991,1
346097,8
328910,1
328793,1
324621,8
324478,2
314551,8
306318,1
306482,8
319980,2
341390,1
340126,1
306929,1
309190,1
342935,1
362168,9
339738,1
314264,1
340721,1
338801,1
349138,3
343118,1
361595,8
368948,9
308097,1
312482,3
311713,1
315344,5
363578,8
333124,9
360553,8
364300,9
339571,1
310398,1
360468,8
364148,9
311270,4
362296,9
324041,1
362521,9
353883,5
309919,1
313905,1
307506,1
314854,1
315340,9
332366,4
322558,8
335995,9
336139,9
328216,9
328598,9
328611,9
366347,10
366350,10
366362,10
324289,1
311062,3
332160,7
328519,9
327836,9
328603,9
313267,1
327838,9
335636,3
308087,4
321688,3
352082,8
344795,8
332853,2
346686,1
322717,8
332185,8
321963,1
325475,7
313108,3
361379,2
308974,10
365244,8
338053,8
314761,1
307709,8
336153,9
358270,9
358286,9
357039,9
338776,9
356861,9
338081,9
357569,9
357581,9
357572,9
357504,3
338446,8
305925,8
357080,9
357623,9
332539,8
358300,9
357456,9
357471,9
357457,9
357464,9
357432,9
357431,9
309253,1
358156,9
357426,10
358179,9
329495,9
356822,9
356818,9
358097,9
358094,9
358085,3
358090,3
357347,9
356043,9
338322,9
356641,10
356650,3
356080,9
357367,9
357370,9
357380,9
357357,10
358128,9
314625,8
358029,9
315394,4
358143,9
358133,9
358144,9
357402,9
358137,10
357404,9
356814,10
357197,10
355944,9
356924,9
310948,2
306655,3
357110,9
357908,9
357931,9
357811,3
332369,4
356695,9
357438,8
338424,8
355563,9
355386,9
357974,9
345633,1
345408,1
348328,1
344737,1
338820,1
346720,1
346929,1
345915,1
346209,1
345135,1
345403,1
345188,1
345456,1
346889,1
344727,3
345821,1
347410,1
346616,1
347323,1
311716,7
313992,8
346925,1
345244,1
345574,1
348595,1
345190,1
345996,1
342009,1
346796,1
348174,1
346747,1
345309,1
347087,1
345770,1
346079,1
345532,1
347001,1
315773,1
346975,1
347253,1
346974,1
309095,1
336365,9
325035,9
346529,8
368126,9
313011,8
363117,8
367997,8
343350,1
363063,1
311013,1
367179,3
340184,1
324564,8
310651,1
368213,8
362527,8
366250,9
328988,1
340796,2
314198,8
341954,1
307987,1
360226,1
367049,9
345021,1
336031,9
315477,1
366774,9
351394,1
329922,8
340370,1
323265,9
342335,8
325300,9
337658,8
339019,8
343233,1
348452,8
350041,5
341264,1
320229,7
337567,1
341904,1
361168,5
366509,9
308183,8
340702,8
368029,1
309820,2
305677,8
351044,1
352062,2
346691,8
314917,1
355031,8
368093,1
337802,8
315822,2
310716,1
305855,8
313850,1
368326,1
339583,8
313361,1
361077,9
332583,9
307239,8
325105,9
328822,3
305654,8
305623,1
340534,1
350784,9
350404,8
306987,1
364199,8
345341,1
315420,1
347408,2
343377,1
368082,8
309746,1
339084,1
338950,1
349637,1
311009,1
340074,2
318650,9
341302,1
307236,1
365149,8
314778,3
310335,1
311155,1
352277,1
341866,8
352068,2
365280,8
318903,8
340025,1
341531,5
351953,1
325250,9
351087,1
310430,8
342161,1
367948,3
359440,9
305799,1
368145,1
305749,1
314754,1
360302,3
345192,1
310604,8
344928,7
309287,1
368064,3
335979,9
340203,1
308896,8
343411,1
343545,1
339635,1
367968,9
360285,3
308042,1
341844,2
305134,1
314593,7
308335,1
368295,1
342207,1
342389,2
312806,3
350389,3
339136,1
339283,1
364104,8
368005,1
364280,8
342813,8
313898,1
307091,8
333291,8
318692,8
307400,2
328948,1
344716,2
346116,1
315588,1
340397,8
363630,2
305344,1
364859,8
312778,1
307124,2
343803,1
368362,1
350884,2
342969,1
363217,8
354379,8
350505,1
368158,1
349109,8
324642,9
358504,8
341434,8
315130,8
305907,1
343200,1
349805,3
314214,1
343525,1
368128,8
328980,1
341492,1
349370,1
337352,1
338970,1
339858,8
305027,1
360937,9
341907,1
342822,2
312961,1
352206,8
310978,1
306277,1
347288,8
305285,1
325243,9
367888,3
361414,9
348650,1
308266,1
323183,9
368208,9
312639,1
308604,1
307075,5
309360,1
306709,8
368153,9
324926,9
360213,1
350906,1
361249,9
360934,9
339939,1
323326,9
312757,1
342603,3
305179,1
315807,1
349323,4
338930,1
331943,4
340316,8
368353,1
308010,1
329758,1
329525,1
351089,1
322377,8
329921,1
350992,3
329610,1
328616,9
351910,8
366429,9
364977,8
339546,2
307121,1
311005,1
306528,1
327814,9
337626,8
315585,8
312722,1
332831,9
341055,8
323818,9
351547,8
308336,8
335760,9
332234,9
343579,5
368076,8
310198,1
306666,1
313968,1
343214,1
351353,1
353451,2
342195,3
358453,4
329950,8
340507,1
319962,1
344920,3
322968,8
342975,2
345115,1
311708,1
341657,8
330177,1
340631,1
311069,8
315831,1
367203,9
361787,1
366797,1
339458,1
344666,3
343232,1
350710,8
339584,8
359840,9
338139,8
322930,8
350492,8
352796,9
306899,8
314479,1
311840,4
343068,2
304900,5
367935,8
321172,1
309607,1
325025,9
339119,8
325226,9
351926,9
319344,8
324788,9
364324,9
310607,1
329938,8
348789,3
333001,8
341081,3
345736,3
324888,9
332435,8
312417,1
368011,1
368892,8
346022,1
325324,9
365234,3
327803,9
336518,8
360431,8
330160,1
350615,8
368193,3
343157,1
314744,2
306794,1
310951,1
311053,1
344794,1
339394,5
340301,2
354890,8
326077,9
362162,8
340611,1
369111,1
305984,1
350353,8
363347,8
360263,3
315686,8
343136,1
306669,1
307547,1
346093,8
340599,1
310474,1
338813,8
326028,9
341046,1
341506,1
340733,1
365270,8
366758,5
347932,8
315411,1
367920,9
313225,1
349821,3
360307,3
308945,4
338724,8
312010,1
333169,8
367610,5
325402,9
346402,8
351304,1
305626,5
340901,5
340422,8
315244,1
329332,8
343784,1
329820,1
351983,8
312449,8
347919,8
325374,9
351707,1
327541,9
324713,9
341679,1
341638,1
304874,2
306091,1
315725,1
310922,1
368893,9
304876,1
355026,8
306183,8
341431,1
310410,1
350010,1
363236,2
313766,8
342642,5
342403,1
349392,1
305981,1
342599,3
306125,1
343142,1
314106,8
342564,1
325077,9
327761,9
340551,8
327825,9
341546,2
350307,1
315197,8
306500,3
358977,9
310959,8
312067,1
326018,9
337082,7
325041,9
305281,1
341315,1
330074,1
305809,1
340489,1
339564,1
351250,1
338282,8
306613,4
368277,3
368350,1
339684,1
309924,1
339973,1
322402,9
314067,1
340731,8
366591,9
362440,9
346083,8
313855,1
365820,9
343493,8
362486,2
346297,1
335663,1
367613,3
325023,9
313241,1
341925,8
310814,8
325094,9
339180,1
311648,1
368108,10
342219,8
314645,1
359593,9
340630,1
342543,8
312069,1
311446,1
343782,8
325970,9
312485,8
360224,1
311383,8
307895,2
367889,10
325355,9
311869,8
339746,1
350297,1
339881,1
324938,9
344484,9
310643,8
363057,9
340352,1
351939,8
351280,8
309040,1
311352,9
350744,9
342194,8
309703,1
343427,5
305102,1
309659,1
336362,9
341610,2
309555,1
348170,3
324563,8
361074,9
341902,1
332252,3
353541,1
339958,8
339720,1
315652,1
308414,1
354020,8
313941,1
315029,2
309404,1
351063,1
311603,8
368109,9
344817,1
314223,8
342345,8
310319,1
343170,3
363270,2
353989,9
367200,9
343816,2
352064,8
346858,1
324911,9
350799,1
339425,2
309789,1
312749,1
337676,1
340665,1
324920,9
306331,8
351558,8
347173,1
340518,8
358444,9
349229,1
307019,1
314303,3
310523,1
314606,1
339659,1
338788,8
344984,1
310127,1
341388,8
312571,8
340962,8
367908,1
353790,9
345888,1
341377,1
351403,8
350694,8
315552,1
348741,1
310004,8
315382,1
367853,1
352035,2
308957,1
304848,1
312860,8
365760,9
324131,4
351084,1
332098,10
345917,1
341712,1
315027,1
345319,1
351922,8
339236,1
351058,8
320695,8
349987,8
360256,3
346874,8
342196,1
367835,8
369074,1
368116,1
307933,1
307300,1
305659,1
307352,8
321319,1
312622,1
368155,10
329426,8
368235,1
341010,1
344541,8
324928,9
311564,1
329471,1
368050,1
339943,1
314318,8
363355,1
348503,8
332678,8
353821,9
355131,4
315808,1
342128,8
346907,8
346495,2
339890,8
368170,3
340997,1
339493,8
367996,10
362111,1
364062,1
325399,9
343451,1
341733,1
324969,9
349180,7
351936,1
322938,8
339796,1
368129,10
336740,9
320496,9
311229,1
366922,8
356567,9
369324,8
330599,3
338193,8
360434,8
312238,4
311818,1
357149,9
325389,9
332657,8
348592,1
350693,5
350597,1
355684,9
314692,7
337404,4
356345,9
369316,7
320135,10
314038,4
356390,9
322516,8
308510,1
330292,8
348632,8
363173,1
304958,1
351184,8
325095,9
350804,4
364530,9
329015,8
349499,3
339505,5
352130,1
339529,1
339153,1
339878,8
341013,1
350600,8
308645,8
356126,9
325307,9
361251,9
307496,8
330486,8
349635,4
313520,1
355340,9
332471,9
333262,8
309193,1
307438,1
356970,9
358328,9
315759,7
318647,8
355973,3
369199,10
305886,8
325472,1
312307,8
355461,9
313626,1
305283,1
307859,8
356653,9
349241,8
357756,9
358356,9
357634,10
306329,1
357681,9
337028,6
355365,9
336600,8
337155,8
328834,7
347022,2
322939,8
349265,5
310786,2
325247,9
345488,1
358020,9
357619,9
341044,1
356978,9
351121,3
337338,1
357067,9
357928,9
324847,9
317820,8
333008,8
358961,9
347198,4
368598,1
327798,9
307690,4
307157,1
309080,1
329634,8
332180,3
309610,1
354811,3
345615,4
357451,9
333281,6
343122,8
344938,1
344712,1
344222,8
339168,1
350126,8
336158,9
344830,1
342022,1
367611,1
307900,8
308175,1
351179,8
312196,2
367400,1
314364,1
328933,1
341400,1
343431,1
310755,8
367931,8
367927,9
361488,5
307307,1
364874,8
344898,3
307721,1
367824,1
368286,1
308281,8
367670,8
341487,8
312231,1
365806,9
324936,9
309306,1
324948,9
309846,8
327776,9
331823,1
305107,8
333259,8
358976,9
327773,9
339788,2
364816,8
329323,8
331013,8
343422,1
306879,1
345896,1
341836,8
313629,1
344704,8
324769,9
328215,9
319511,8
307077,8
363641,1
312218,3
336024,9
308378,1
354997,7
327765,9
339378,1
324554,8
366915,8
365206,9
361076,9
367915,8
366439,9
342155,1
309811,1
329338,1
367213,9
359441,9
311023,1
311316,1
323853,2
309626,2
343278,8
349113,8
305008,1
307816,8
358986,9
327762,9
345557,7
322135,9
367616,10
324575,3
307551,1
305138,8
338487,8
325506,9
308717,1
305235,1
368137,1
314370,1
312097,3
322027,9
357785,9
368043,9
325398,9
356884,3
356816,9
324819,9
310531,1
369320,8
311256,1
320059,8
357047,9
310816,1
357222,9
324854,9
357033,9
309800,1
335203,6
324406,1
325507,9
321222,1
335071,8
355171,9
305513,1
357155,8
345133,4
356150,9
356689,10
357468,9
336394,8
357118,9
357014,9
356664,9
337934,3
357663,9
358239,9
357930,9
308108,1
337814,9
356991,9
358755,1
358309,9
307858,1
357807,10
357714,9
360208,1
356404,3
358260,9
357078,10
357107,3
357445,9
325297,9
336598,8
357332,9
356288,9
322883,1
306657,8
356922,9
344592,10
362070,9
358331,8
344587,1
357485,9
308420,3
357907,9
356826,9
357736,9
358584,1
356847,9
361690,3
357289,9
358753,7
354786,4
355521,9
357216,9
357747,9
355670,9
357763,9
314805,1
354792,3
338781,9
332018,1
358387,7
336909,3
357834,9
355629,9
338474,10
357743,9
357980,9
311412,8
333192,8
357804,9
335786,8
325492,9
356370,9
357725,10
307499,1
356880,3
358733,3
361368,8
356986,9
358352,9
357519,9
361679,8
307228,5
348840,9
357938,9
346641,4
357855,9
356823,9
357495,9
358370,3
336877,7
356974,9
336632,3
355856,9
357321,9
357160,8
356879,9
358073,9
357436,9
319374,8
331898,3
356830,8
331895,3
355608,9
358377,9
304957,3
356849,10
356577,9
358302,9
311830,8
346655,6
320990,1
336381,8
330933,8
320331,4
329060,8
324988,9
322916,3
344016,2
348041,8
333960,9
330938,8
319770,9
324759,9
307122,8
314634,8
310661,8
308508,1
314404,1
311978,1
307152,1
307155,1
305836,8
311582,1
312584,8
335764,8
312617,1
310054,8
338656,8
314679,5
336104,7
331812,1
361391,5
315752,3
332256,7
358069,9
358053,3
357302,9
358070,9
357286,9
357233,9
357219,9
356002,9
322571,8
357508,9
357460,9
357799,9
356947,9
356943,10
357721,9
357691,9
356663,9
357479,3
357459,9
358220,9
358170,3
358174,9
357375,9
358114,9
358197,9
357392,9
358161,3
358125,9
305369,1
358107,9
358100,3
357446,9
345322,1
344932,1
347147,1
347255,1
345718,1
361437,8
354129,8
332361,4
346364,1
343533,1
344703,1
344911,1
348158,1
332518,1
315667,8
345935,1
347217,1
345756,1
346728,1
345094,1
348437,1
346413,1
348567,1
348748,1
345255,1
346857,1
348061,1
348097,1
348110,1
345335,1
348627,1
345610,1
345509,1
346903,5
347039,1
344869,1
348238,1
314215,1
307830,1
312360,1
325929,9
315332,1
350296,1
324731,9
366284,7
366285,10
366327,9
366342,10
366328,9
326040,9
312249,3
328605,9
315093,8
358079,3
357342,9
309033,8
358045,9
358033,10
316599,4
358041,9
357156,9
357179,9
357134,9
357895,8
335727,8
358308,3
338047,9
358310,9
355497,3
313352,8
355191,9
359518,8
333433,8
355749,9
356269,9
355470,9
337620,4
337521,8
355354,9
355357,8
355278,9
355243,9
355269,8
357854,9
338643,8
356984,9
305776,8
337788,8
337921,7
355185,9
358255,9
357549,10
318132,8
357517,9
356580,3
311207,1
314408,4
306207,8
338242,4
337845,8
329129,8
332368,4
338301,9
336939,8
338164,8
338177,8
335597,10
307760,8
308147,1
328883,4
314271,3
337203,8
338374,8
305738,1
337972,8
311574,3
312881,6
343958,1
349706,3
341472,3
331863,3
329671,8
310553,8
322245,9
322134,9
319640,2
358384,8
323026,8
336168,9
355013,8
325272,9
314799,8
313221,1
354818,8
321405,10
321686,1
321937,3
348878,1
332761,1
324678,7
322542,8
306820,1
348747,1
328960,1
310926,8
312884,8
324694,8
346258,8
355034,8
347741,1
333908,8
333853,1
311303,1
335772,1
333019,8
314713,1
339901,1
307188,1
343249,1
363831,8
342113,1
350259,9
360986,9
342415,1
335600,4
342347,1
340114,1
312608,1
345160,1
351248,1
341110,1
325294,9
360277,3
351433,8
368933,8
307812,2
305602,1
308381,5
368891,9
329298,8
349119,8
342695,2
338941,3
332942,3
338222,4
342199,8
329026,1
336157,9
325009,9
351181,8
348102,1
368194,9
351074,8
350056,5
342057,1
368045,3
338100,1
308941,1
309022,1
313306,1
341922,1
322808,1
362764,9
313423,1
336095,8
338685,1
314088,1
340082,8
307754,1
340756,1
340656,1
340717,1
361540,4
342793,1
354918,5
343444,1
341066,1
350049,5
304999,4
312911,1
341977,5
341268,8
343703,8
324984,9
329757,1
307618,1
324901,9
342988,8
363309,8
312574,1
314392,1
347074,1
320001,10
321627,9
324053,1
315376,10
312191,1
341336,1
306008,1
341280,5
325069,9
313983,1
366940,8
342092,1
363312,1
345239,3
324893,9
330134,1
343190,8
342079,2
360210,1
325042,9
315821,3
325018,9
343733,1
323161,9
349505,3
349231,1
306991,1
328613,9
329071,1
325994,9
367928,10
325362,9
350899,1
324140,7
309064,8
307365,8
306026,1
342783,1
343110,5
324809,9
315650,1
346724,8
345825,3
312124,1
348200,1
323816,9
346174,1
363733,8
311471,1
367137,8
341462,1
368600,8
363282,9
343387,1
339465,1
366585,9
340345,5
366554,9
320325,3
319093,8
358999,9
343364,5
325495,9
338836,9
313311,1
349106,8
342287,1
318891,8
333155,9
329147,1
329430,8
329463,1
340344,1
341412,1
340983,2
306720,8
307480,1
345967,8
336363,9
322927,8
366779,1
339840,1
329349,1
305987,3
363084,8
329004,8
325423,9
315049,3
365214,9
341421,8
345089,1
367612,10
335990,8
309036,1
306558,8
315717,1
327826,9
314461,2
368188,3
368932,8
367328,9
346752,1
339942,1
341301,2
338243,8
309509,1
340424,1
340178,1
365875,8
315708,1
338477,9
341851,1
367287,9
337061,8
323217,9
309744,1
307366,10
340418,1
341613,1
325357,9
340273,8
348398,8
325471,1
362653,1
312153,1
355478,8
327821,9
309165,1
306744,1
340509,1
348240,1
359811,9
312379,1
307557,1
306943,1
341924,8
315169,1
339184,1
312342,1
306017,1
307015,1
310210,1
315229,1
367864,8
314412,8
348388,1
354853,1
308088,8
339030,1
324670,9
341917,1
329997,1
315705,1
336558,8
368138,9
329340,1
337542,8
343571,8
360603,9
367847,3
334577,4
342406,1
368962,1
312753,4
311489,1
349995,8
368019,1
338826,1
309412,1
338897,8
351099,1
342326,8
310124,1
330490,2
314998,8
367619,10
339384,1
341005,1
329783,8
342910,1
311074,1
360610,9
315336,1
341592,8
340723,8
311784,1
342315,1
315766,1
329694,1
311949,1
348513,8
324782,9
327766,9
361855,1
314691,1
311014,1
358826,7
368112,2
340542,8
366567,9
367812,9
362971,9
350969,1
330110,1
345679,1
324880,9
347071,1
336989,7
314660,2
351908,8
359624,9
304965,1
341500,2
329254,1
308231,8
343582,2
337655,1
343034,3
360278,3
320062,8
313487,8
308151,8
325271,9
310605,1
314828,1
343674,1
311191,1
343401,2
349612,8
362355,2
340296,3
347111,8
338363,1
307001,8
305881,8
363687,1
359452,9
337435,1
314517,8
324914,9
312899,1
350313,8
365171,3
368216,1
365294,8
314335,8
337593,8
342082,2
366487,9
339287,8
351023,8
367940,5
368881,10
346690,1
305526,1
367841,3
366207,3
306137,2
360195,1
340982,8
349871,10
367993,8
342584,1
307543,1
349986,8
342879,8
308313,1
341430,8
359442,9
311753,1
312982,2
342678,1
308093,1
347289,1
333953,1
343005,2
352349,9
336143,9
350758,8
339860,2
327823,9
359876,9
341940,8
307484,1
349621,4
368121,5
337750,8
351542,7
332124,8
332119,3
349807,3
325354,9
369065,1
368210,1
325031,9
367966,3
330362,1
341770,1
365815,9
324127,3
339492,1
314000,8
329133,9
324165,1
340757,1
365647,8
353330,9
346104,1
310021,8
341966,2
351660,9
344927,1
342040,1
329346,8
332952,3
313978,8
346507,3
315438,1
324915,9
359461,9
307395,8
335670,1
342997,1
343846,10
341598,1
306090,2
344905,2
364123,8
352000,8
340471,8
313279,8
345317,1
341525,1
310681,1
364801,1
336011,8
360992,9
351116,1
364797,8
312807,1
342007,1
346160,3
314844,1
311051,8
342198,1
308883,1
349819,3
367825,3
322925,8
325109,9
323859,1
365229,9
305890,1
325298,9
344685,2
314353,1
349997,1
311543,1
312663,3
325947,9
310111,2
340609,8
356775,8
343138,1
315019,8
342853,8
342232,1
340927,1
340907,1
342075,1
342688,8
324800,9
324913,9
350082,8
362503,9
324907,9
329259,1
360170,1
327799,9
312426,1
324967,9
312011,1
342691,8
366545,9
350065,3
325072,9
341714,8
350978,8
341163,8
306503,8
329281,1
315372,1
343818,1
306457,1
359012,9
359801,3
306159,1
313820,1
329750,1
341846,1
324120,1
341589,8
329778,1
325275,9
342798,8
328179,9
368046,8
339792,5
343539,8
365393,9
324611,1
337846,8
351907,1
341312,1
325375,9
346910,1
330220,8
368190,9
319865,1
325049,9
348718,8
311599,1
341419,8
345864,8
368037,3
314579,1
361838,9
363392,1
339062,1
349111,8
329571,1
353514,1
349750,8
348927,8
310329,3
325214,9
340550,2
330246,1
310909,1
306531,1
367952,1
343665,1
337128,1
339713,1
360228,1
362929,2
368551,9
367981,1
348601,8
340181,2
351286,1
324929,9
343612,1
310181,1
314433,1
306749,4
308978,2
338917,8
350042,5
338319,8
308566,1
368027,3
346246,1
305617,1
309812,1
368270,3
338281,8
313745,8
306064,1
314226,8
306604,1
307891,1
305727,1
360605,9
350496,10
308454,1
367617,7
334546,8
360162,1
313746,8
351604,8
338562,3
307738,1
342500,2
368075,3
341884,1
319960,8
368278,3
342239,1
325426,9
326037,9
308051,1
313014,1
324944,9
347322,1
352284,1
339941,1
353446,2
350058,5
306298,1
343610,8
346732,8
367975,2
345210,1
315422,1
336932,1
305087,4
341729,1
352085,8
339681,1
346767,3
306748,7
344538,8
350643,1
367886,1
339449,8
312842,1
305695,1
339501,1
338631,4
348438,1
350019,5
306625,8
342434,8
339346,1
368006,8
367861,9
349642,4
310190,8
368640,8
306661,1
309259,1
340503,8
307023,1
359582,9
345398,1
305174,1
368255,1
358991,9
343199,8
311161,1
307574,5
324577,8
346095,8
324845,9
353420,9
312874,3
314572,1
308468,1
350431,8
346798,8
344238,9
309793,1
340994,1
340607,1
309331,1
312691,1
346680,8
337815,9
349814,3
367792,5
343273,2
345921,2
347224,1
363463,1
310988,1
340379,1
336916,1
345800,8
360296,3
342583,8
332410,8
306152,8
307912,1
344327,1
322130,9
358439,9
362903,9
364118,8
364809,8
311604,8
341899,8
367900,9
314911,1
323808,9
312477,8
350481,8
309897,1
353545,8
336405,8
367854,9
364277,1
351025,9
337671,8
345310,8
348543,1
309484,1
356887,9
324448,8
357693,9
349008,2
331848,7
357208,9
311332,1
310778,3
355505,9
357455,9
349791,8
357959,9
355439,9
357673,8
353932,9
358340,8
357133,9
332585,9
369172,9
310278,1
356164,9
332338,3
336575,8
357791,3
357650,9
351496,1
325093,9
355643,3
315753,7
308481,7
313441,8
357821,9
361035,9
331718,1
357564,9
358752,4
325345,9
358002,3
338192,8
357228,3
336588,8
357732,9
309293,8
305720,3
357889,9
337604,8
357266,9
357121,9
336552,8
310489,4
357780,9
315185,8
369173,9
357057,9
333894,10
337684,1
355460,9
369322,8
355325,8
358988,9
357254,9
314259,1
369165,9
355912,9
346700,10
356862,10
325368,9
312850,1
356828,9
307855,7
358958,9
357243,3
325346,9
337998,8
336546,9
357708,9
336047,3
357775,9
357916,3
358281,8
361378,1
360537,1
358319,9
346143,3
311805,1
330360,3
357019,9
357774,10
358015,9
338386,3
321606,5
356837,9
357484,9
357509,9
325309,9
369195,9
356262,1
369011,8
324408,1
357089,3
361676,3
357726,9
357345,9
350253,8
356752,9
358517,2
357104,3
357536,9
358334,9
307396,3
305661,6
324841,9
357213,9
357922,3
358737,8
338054,9
357199,9
357458,9
324422,8
306956,1
357865,9
357967,9
357128,9
357992,9
347202,8
325085,9
357064,3
349684,1
308431,4
315774,3
324778,9
324390,1
353461,1
354888,8
357823,3
336383,1
323869,6
312346,4
358054,9
336563,4
357531,8
357858,9
333226,8
357751,9
335601,8
308775,1
349702,5
324442,8
330254,2
324883,9
357754,9
349591,4
351174,3
315122,8
356574,9
357189,9
315558,1
357084,9
357672,9
325246,9
325306,9
324435,8
355871,9
356999,9
355823,9
331017,7
335940,1
349089,8
320272,10
355184,9
350085,8
358341,8
355615,9
355806,9
357489,3
344980,1
356935,9
320605,10
307424,1
349061,8
306140,3
357648,8
356675,3
358344,9
306897,8
311128,4
338189,8
357830,9
357135,3
336774,3
338310,8
307810,1
356817,9
356928,9
356846,9
333299,6
357703,9
336741,9
308493,1
306395,8
328905,7
304853,8
345410,8
314527,8
344322,4
307856,1
310615,1
309423,1
310888,1
311164,1
309329,1
312244,1
305370,8
307468,1
330932,8
349043,8
307180,8
306711,4
338263,9
310965,8
305547,8
338706,8
314209,1
305788,8
337662,8
338916,8
338575,8
305633,5
337355,10
312734,7
315852,8
309785,1
309714,1
310692,5
310342,5
366346,7
325961,9
360557,8
324407,8
332264,9
307054,1
341668,1
311697,1
310322,1
314770,1
342832,1
338362,9
337200,8
337234,8
333323,3
307553,8
338529,8
338660,8
314874,1
328780,1
314918,8
322528,8
351871,1
311811,1
330911,8
323942,1
319631,3
354897,5
311055,5
305086,1
312871,8
338520,3
347182,1
345631,1
344835,1
338763,1
346239,1
346178,1
346755,1
344774,1
329687,5
346520,1
346135,1
348587,1
348319,1
346848,1
357524,9
356671,9
356672,9
355658,9
309953,9
320415,8
345829,1
345141,1
342747,1
344831,1
346917,1
346305,1
333242,3
339216,1
348749,1
345913,1
344688,1
345580,1
344691,1
345340,1
344815,1
346517,1
345711,1
347102,1
336945,1
346911,3
346853,1
345577,1
354127,8
354125,8
321216,1
310373,8
358362,1
358227,9
358063,9
358060,9
357200,3
357062,3
357861,8
357682,9
357685,9
357642,9
357554,9
356677,9
357257,9
357247,9
357076,9
357879,9
358292,9
312076,6
358276,10
357601,9
358173,9
358188,9
357403,9
357427,9
357416,3
358122,9
358112,9
358106,9
357338,9
358000,9
357150,9
315644,8
357894,9
357109,9
357884,9
357012,9
358258,9
358248,9
357587,9
358078,9
357310,9
357729,9
305452,8
358243,9
357556,9
358150,9
358132,9
357387,9
357398,9
357386,9
357356,10
358083,9
357352,9
358093,9
358049,9
313447,2
357260,9
357291,8
357970,9
357783,9
309584,8
357599,9
358299,9
355334,9
356578,9
313066,3
337164,8
352300,3
347189,6
351522,1
348212,6
347153,1
350670,3
321624,9
345771,1
322535,8
356389,9
308309,8
312828,1
343064,8
325941,9
314814,1
312859,1
348692,3
348030,8
337696,1
332335,2
338440,10
333298,6
336850,8
307068,1
305870,8
336896,7
336941,2
307651,8
305530,1
312278,1
315247,1
314064,1
365138,1
309074,1
314446,1
310698,1
312991,3
308695,1
322546,8
318160,8
368285,1
351489,1
363670,8
311492,1
358834,9
306789,8
349773,3
306411,8
309182,1
314257,1
367431,9
368144,3
330414,8
344725,1
306255,1
337631,1
338837,9
366565,9
341444,1
364255,9
313088,1
341896,2
349859,3
339215,5
339421,2
342652,1
364896,9
362970,8
366469,9
309499,1
369146,8
307631,1
313824,1
343638,8
348076,1
305517,1
366933,5
311324,1
353497,3
366400,8
305391,3
343785,1
354215,8
315365,1
311736,1
343144,5
315506,1
315013,1
325379,9
324797,9
310477,1
320412,9
340056,1
320283,3
339477,1
351655,1
339976,1
311831,1
324654,9
336782,4
363606,1
309057,1
345627,8
362079,2
360186,1
368647,8
367009,9
315643,2
364870,10
338050,8
325099,9
330191,1
358391,1
340356,1
346639,8
367887,8
332433,8
337747,8
342660,8
306584,1
309993,2
324843,9
364490,1
364805,8
350361,1
306393,3
367198,8
341551,2
313242,8
324640,9
304976,1
350913,1
351322,1
307662,1
330158,1
343297,1
314530,1
325430,9
334068,8
351572,2
312715,1
336924,1
308082,1
343373,1
343837,8
307896,8
313998,7
350997,9
351537,9
324606,1
348323,9
305352,5
341750,8
307334,1
339636,8
341920,1
344853,1
340250,1
344799,2
365208,9
308225,8
367869,3
338932,8
310142,4
341848,1
342325,8
353479,1
347445,1
324884,9
368181,1
327832,9
329037,8
313347,1
352170,1
306083,1
368169,3
306846,1
344682,1
362701,9
311481,1
339476,1
319382,4
343673,1
363724,9
309747,1
363028,9
322858,8
363025,9
310095,1
311594,8
309128,4
339292,1
337817,9
341124,1
331808,8
363064,9
361792,9
341862,1
362697,9
362492,9
332943,3
341165,1
310809,1
340769,1
343645,1
361449,4
330550,10
306191,1
306764,1
342157,2
343515,1
305055,2
368358,1
314148,1
342503,1
329942,1
333011,8
307125,8
337226,3
307241,8
338809,5
350374,2
340171,1
350639,8
329172,1
312604,1
319895,8
310983,8
341625,8
346947,1
346778,1
349235,1
341065,1
343283,5
330137,2
354834,9
347446,8
339818,8
307977,1
308246,1
314599,1
339826,8
341314,1
355061,1
321657,7
306198,1
310356,2
368199,1
343559,8
328769,1
351107,8
349994,8
329177,1
351008,1
307831,3
312172,1
312399,8
308129,8
306679,8
341788,1
309759,1
328759,8
306731,1
343660,2
362627,9
353454,1
341482,8
314355,1
342187,1
353988,9
342559,3
350439,1
367290,3
306352,1
322987,8
315111,1
339953,1
339330,8
321719,1
325321,9
349808,3
349110,8
351608,1
322500,3
345757,1
363779,1
342312,1
362098,1
365852,8
312053,1
313610,1
329745,8
308106,1
310536,1
358829,7
368094,8
342762,1
360473,8
346770,8
365271,8
309602,1
360313,3
312383,1
352200,2
327756,9
337647,7
324874,9
325287,9
357124,9
355582,9
356459,9
331092,6
357845,9
328829,8
357052,9
324660,9
349585,4
336085,8
325220,9
351880,1
355742,9
369183,8
316442,8
319870,8
358348,9
338140,3
325254,9
358314,10
307514,3
357530,3
324859,9
325290,9
325417,9
319389,8
308588,4
358040,10
357083,9
357645,3
357448,9
355638,9
311050,1
356686,9
357762,9
353998,9
364403,8
357004,9
356351,9
337977,1
323156,9
324385,8
305251,7
355427,9
324399,1
353776,9
304948,8
355399,3
356917,9
309123,8
322131,9
357339,9
358027,9
356918,9
336057,8
357636,9
358023,3
357782,9
352320,8
312103,1
349671,1
310867,2
322794,1
360179,1
332485,8
311485,8
312619,1
329763,1
310982,1
330123,8
325037,9
338122,8
368149,9
331982,1
354165,8
336649,3
358390,4
312480,6
325474,3
325419,9
343084,1
361835,8
349887,10
325972,9
306178,1
337481,8
368254,3
358448,9
308864,8
360206,1
313185,2
311282,1
341383,1
367990,1
341993,8
346831,1
338593,1
368160,1
366571,9
317806,8
361754,9
363963,8
340232,1
345993,2
350854,8
325096,9
366980,7
366046,1
340975,8
340464,8
306863,1
367813,3
337480,8
340112,1
341945,8
349822,3
313514,4
343476,5
337980,1
339721,8
342030,1
368308,10
341269,8
362528,9
329128,1
309928,1
341054,8
325265,9
333095,8
341970,1
339551,2
313876,8
314826,1
364055,1
367614,8
368084,8
311838,1
309487,1
342979,1
364718,1
306622,1
343778,3
340593,8
367855,1
341298,1
325021,9
339096,1
367790,8
321595,3
314746,1
324284,8
307549,2
332413,8
346659,1
311418,2
347252,1
308170,1
319512,1
353964,8
349988,8
310252,2
305400,8
345525,1
362763,8
338995,1
358840,3
349368,1
340972,1
310808,2
367211,9
362007,9
312348,1
324905,9
337439,1
343386,1
305921,8
336063,9
340616,1
329488,8
313300,1
342025,1
362666,8
312834,8
321416,4
315570,1
348964,1
322775,9
340206,1
325420,9
347196,2
352110,2
315838,1
341227,8
362439,1
342897,1
345905,1
340034,2
329152,1
321580,4
340842,1
365254,8
307834,1
306521,1
328840,8
326011,9
345236,1
366902,9
313091,1
354995,1
368164,3
342788,1
312893,8
325932,9
350021,5
351144,8
341847,2
329090,4
368276,3
342408,2
366765,9
315660,8
313848,1
339955,2
345298,1
338811,5
345155,1
346810,8
322233,9
344979,1
313708,8
330002,1
339079,2
309380,8
338963,5
350987,9
312818,1
342122,1
313753,8
310762,1
307422,1
336169,9
342653,8
339351,3
348396,1
306311,2
311044,1
364582,1
360299,3
311643,1
309938,1
322171,9
312285,8
348577,1
360952,9
358383,4
305782,1
341285,1
336039,5
315134,1
315525,1
312921,3
339112,8
322580,3
309636,1
346682,1
366860,9
368107,1
367350,9
336165,9
304873,3
342989,8
325387,9
315538,1
368053,8
339029,8
343426,1
330261,8
336709,8
324949,9
362272,9
339443,1
311673,1
349157,7
327775,9
311467,1
340498,2
359021,9
350005,1
316269,8
335983,9
351867,1
348242,1
342675,1
310270,2
340961,8
351980,1
329883,1
315237,1
344782,1
313485,1
354380,8
340335,2
342816,1
346855,1
351032,1
364768,8
364837,1
344891,1
339871,1
309079,8
310793,1
360225,1
339639,2
314501,8
343107,1
347308,3
350468,1
349108,8
312578,8
339155,1
310889,1
343135,1
368204,3
342241,1
329963,2
306465,1
367794,3
343257,1
350825,9
329941,1
308718,1
368038,1
343314,8
327851,9
367177,9
345863,1
361568,3
347254,8
313042,1
340985,3
313369,8
342581,1
335651,1
367807,9
368281,3
350031,5
314502,4
305762,1
310438,3
367856,1
339691,5
364798,1
368003,3
360202,1
347396,5
329205,8
341292,5
312029,1
345235,1
368024,3
307101,1
342716,1
312427,1
367830,3
351109,2
350411,1
367819,8
340469,8
365267,8
308215,3
367393,1
340517,1
313948,1
362706,1
341837,8
369066,1
366405,8
331887,5
306589,1
309091,1
368360,1
340782,1
313722,1
339404,1
339223,1
364562,1
336851,8
340268,1
340072,1
321342,3
314160,1
342123,2
315092,2
350923,9
366920,8
324827,9
343767,2
367288,9
329250,1
323103,8
360231,1
338495,8
339416,8
341635,8
351414,1
342690,8
307730,1
313732,1
346967,1
311165,1
336841,8
361256,9
354872,9
309737,3
324996,9
333916,8
315689,1
342779,1
341288,8
351065,8
341241,8
348688,1
342718,8
325107,9
368248,8
306888,1
343647,2
329607,1
305177,1
350421,1
340245,1
308054,1
324957,9
346128,1
307561,8
343821,1
364806,8
348716,1
329155,1
322185,9
324858,9
351906,7
368214,9
345261,9
367833,3
307003,8
343543,3
367377,4
351101,1
325106,9
345630,1
349371,1
310388,8
314085,1
343845,9
366588,9
369151,4
350211,9
362788,8
340508,1
342785,1
367891,3
329540,1
307331,1
332898,8
340358,1
338974,8
305859,1
367963,1
312030,1
333150,9
341548,8
311360,2
369112,1
310509,1
338956,1
309411,2
368271,3
314441,8
310745,1
350377,1
338589,8
335650,1
339633,1
326001,9
341766,1
341998,3
366678,9
332868,9
367868,1
323823,9
329221,1
367984,3
314172,3
342006,8
313552,2
365299,8
345797,8
315416,4
342630,1
347395,8
333004,8
313785,1
345612,8
340608,5
345650,2
313299,1
351409,8
359426,9
313554,1
342615,1
339306,8
339171,1
339722,1
364817,8
323353,9
305132,1
313171,1
313389,1
343468,2
325029,9
341720,1
329089,1
341503,5
341198,8
367866,8
346218,8
311271,4
336367,9
313990,1
308339,1
341507,1
315567,1
308639,1
336000,9
347433,8
333906,8
349259,5
348175,1
361166,1
341585,1
349230,1
339129,8
349374,1
315607,1
350015,5
354013,3
339388,1
364673,9
350765,4
357987,3
369254,4
358842,8
357584,9
338346,3
346956,4
356965,9
358316,9
356451,9
369309,8
337844,3
356998,9
309166,1
355846,9
353847,9
357196,3
356411,3
307602,1
357658,9
356066,9
358037,9
358246,9
336890,3
356381,9
344572,8
357739,10
332982,3
347075,4
357274,9
357100,9
337837,9
357839,9
354183,4
365332,3
307359,1
357220,9
355490,9
356939,10
331882,3
324829,9
338390,9
357240,9
358751,8
357925,9
357494,9
356696,9
356854,9
357640,9
309466,8
357374,9
356678,3
324824,9
357317,3
348042,8
336686,2
314416,1
328901,1
357728,9
336833,8
351276,4
336798,8
357669,9
369162,4
351649,1
311848,1
311350,1
357942,9
329591,3
327806,9
356659,9
357005,3
357248,10
357360,9
357093,9
324581,8
344635,8
313852,3
321594,2
337862,1
324016,1
357863,9
357082,9
359298,8
355738,9
319822,8
338777,3
308149,1
320618,10
357803,3
325313,9
355442,9
356032,9
319730,9
315779,8
308889,1
308354,1
311211,1
314547,1
315508,1
309124,1
346921,1
324170,1
312217,7
337457,7
324771,9
322663,6
322667,8
321185,8
319771,9
309116,1
341854,1
338170,9
307508,8
336589,8
312203,2
306539,1
320741,8
313742,8
337639,8
333401,8
307794,8
308701,5
324761,9
345502,8
336835,8
310885,8
326038,9
308362,1
338064,8
328979,8
337371,1
312239,3
312284,5
336493,8
306135,1
332981,3
310037,8
348202,10
312592,10
328950,8
321132,10
308822,8
309702,2
321857,8
311702,1
315091,4
313546,8
347376,2
312889,8
352317,8
337983,9
354798,8
325942,9
338516,8
324836,9
326039,9
336166,9
350262,1
307623,1
312188,1
311327,1
315024,1
306682,1
314991,1
311440,1
312005,8
310076,5
358019,9
346714,9
358604,1
366352,10
366295,10
366299,9
323931,3
314756,5
321402,1
353834,7
307703,8
348374,7
346812,1
345994,1
351973,3
308948,1
319835,6
340626,8
358541,8
319316,1
321698,1
335941,8
349534,1
312422,1
307039,1
309010,8
306800,1
315265,1
312645,1
314365,1
308681,1
308968,8
362064,9
350772,3
368592,3
363266,9
364192,9
362254,9
313037,1
308439,1
312646,1
341835,1
337865,1
338957,1
309641,1
343277,1
315313,1
336141,9
307866,1
325962,9
324990,9
346554,1
344976,1
348220,1
346019,1
345748,1
335766,1
348726,1
346277,1
345324,1
345083,1
346588,1
344790,1
346461,1
344988,1
346979,1
346987,1
345145,1
347456,1
307303,8
333366,8
323096,8
348706,1
345671,1
345529,1
346375,1
344667,1
346570,1
348324,1
343213,1
345349,1
345868,1
345883,1
344705,1
346394,1
347348,1
354114,8
357388,9
357413,9
358155,9
357326,9
358111,3
356361,10
358052,3
358067,9
356637,9
357284,8
358022,8
357090,9
357094,9
357091,9
357021,8
320743,8
357638,10
329874,8
358349,3
337887,7
312634,8
336590,3
336884,8
355585,3
357115,9
358274,10
357589,9
357586,9
357538,9
357542,8
356681,8
356651,8
355258,9
358214,10
357214,10
357195,3
357194,9
357952,9
357869,9
307104,8
305368,8
357046,10
357841,9
357483,9
333174,9
334687,8
355317,9
337838,8
357330,8
357069,10
357808,10
357003,9
357002,10
357477,9
357349,9
357350,9
336772,8
358051,9
357282,9
357273,9
338547,9
357986,10
356973,9
337946,9
356950,10
357740,9
355590,9
357604,9
358337,9
343224,1
339944,1
341683,1
342201,1
364769,8
342058,1
311208,1
349185,7
347451,1
314980,1
306630,2
367957,9
351462,1
369315,10
357737,9
320443,8
355528,9
311889,1
322029,9
356985,9
357678,9
337325,9
322043,9
357462,9
355523,9
323865,5
306723,1
357277,8
369010,8
338304,8
324896,9
321638,8
368579,9
336933,8
337995,1
330934,8
336703,8
369194,7
357503,9
358103,9
356913,9
314011,1
357933,9
357441,9
324997,9
358990,9
312219,1
357911,3
325418,9
357874,9
357540,9
358290,10
358048,9
357835,8
315373,2
357900,9
307979,8
357776,9
325406,9
357440,9
322499,8
320380,9
358360,7
322797,1
336570,8
355015,8
308086,1
341097,2
347103,1
314227,1
336052,9
341384,1
360428,8
315272,3
339206,1
309354,4
343267,2
329994,1
324744,9
316732,8
350475,1
329447,1
340388,1
305721,3
304918,8
330092,8
319505,8
362508,8
348345,8
312465,8
348077,1
340325,1
327767,9
308554,3
339627,3
339160,5
319527,1
349287,1
329085,8
345020,8
359444,9
313146,1
338928,1
345559,1
329265,1
342410,8
339569,1
364679,1
312788,1
354924,1
346702,3
369106,1
348531,1
306838,1
368357,1
319496,1
313599,1
321551,1
353155,9
342845,1
307544,1
313417,5
348915,8
339805,8
340739,8
309892,8
362087,8
306918,1
342305,8
368042,3
307074,1
340374,2
309849,8
342364,1
306410,1
368203,3
368021,10
353950,8
357025,9
365154,8
309206,1
341622,5
341162,8
366763,3
349989,8
339393,5
319903,8
312381,2
339675,8
325480,6
363619,8
368072,9
338999,1
308650,1
364962,8
313910,1
305581,1
307781,8
339541,2
312277,8
336107,9
315427,1
315319,1
310584,1
308711,1
314191,1
367380,1
346077,1
339682,8
313039,8
346745,1
322934,3
329307,1
325422,9
324444,8
308402,1
336677,8
361402,8
314764,1
312529,4
330097,1
309691,1
345901,7
322767,8
315511,1
314577,1
310812,1
311786,8
339508,1
339034,1
354827,9
351252,8
358117,9
330107,1
359234,8
346480,1
314427,1
345567,8
324886,9
349999,1
367851,8
360430,8
360294,3
354876,8
348227,1
304937,1
342870,8
348028,2
368673,8
325340,9
338090,1
329479,1
324166,4
342965,8
314913,8
343215,3
361772,1
337673,1
339991,5
308745,8
315299,1
314098,4
345059,1
309203,1
368322,9
340623,1
310141,2
341803,8
343725,2
368163,1
330285,8
339088,8
349189,7
365296,8
367107,8
332880,1
315830,1
338383,8
343550,2
313826,1
368649,8
315833,1
306409,1
338742,1
344936,1
339607,1
368367,10
315507,1
351598,8
324801,9
342539,1
343587,8
313771,8
339669,1
339723,2
314759,1
353952,8
339876,1
351461,8
340169,5
345137,8
313030,8
342556,1
364839,4
329859,1
352264,8
311437,2
311678,1
315542,8
367078,9
327763,9
330000,1
306594,2
351438,1
312729,1
311541,1
327820,9
339737,8
313818,1
314390,1
341985,2
350284,1
312251,8
349226,1
339736,8
310792,1
342507,1
343745,1
343106,8
350780,1
342541,2
347285,1
309627,1
341906,1
329946,1
340006,8
306417,8
346463,1
307159,8
306418,1
325363,9
339243,8
345256,1
367383,1
340070,1
340359,1
341453,1
367607,5
345268,1
340730,5
309506,1
313796,1
315626,4
322061,9
360248,3
340161,5
368114,3
340067,8
329461,1
336533,1
314710,1
349998,1
347351,8
310137,8
324571,8
352268,1
305355,1
314368,8
322063,9
306268,1
314689,8
368249,3
312451,8
325400,9
368225,9
350949,8
343537,1
344283,1
346257,1
312152,1
311341,1
310360,1
339480,1
351835,1
313660,8
311605,1
314646,1
313025,8
322129,9
340081,8
338486,1
339375,1
345526,5
329345,1
308304,1
362447,8
325017,9
325414,9
350858,8
321557,1
324799,9
368147,9
308906,8
325369,9
342061,2
340439,1
350483,9
333010,8
341528,1
339972,8
344729,8
325090,9
314940,1
314560,1
346441,1
368134,3
369110,1
306082,1
335045,8
349207,7
325001,9
335994,9
339519,1
342081,1
309359,1
338802,1
305323,1
308310,1
312515,1
329701,8
342019,8
333999,3
315727,1
313844,1
341619,2
312294,1
360612,9
350794,8
309241,1
307796,1
343089,2
350738,1
361084,9
310308,8
367890,1
324964,9
315539,1
316211,9
309119,2
306891,1
341857,1
366884,9
310471,1
330619,1
325330,9
340212,1
342874,2
364518,8
364243,1
350616,1
341584,5
328145,9
368186,3
339656,8
305118,1
340633,8
310146,8
367809,8
307639,1
336379,9
363509,1
307511,1
311884,1
310950,1
349114,8
341448,2
329244,8
351216,8
308709,1
309528,2
306407,1
327785,9
366960,1
369051,1
330249,1
367367,1
311152,1
362265,1
347301,1
330172,1
342917,1
308460,1
313672,1
350635,1
348873,8
329515,10
348122,1
315453,1
349379,1
368044,9
339652,8
339122,1
305951,1
342568,1
305341,2
341832,2
368131,10
332580,9
336154,9
367153,9
340365,8
305638,1
305826,1
345835,8
312747,7
337771,8
313658,1
315221,1
319413,4
346694,1
333205,1
346389,1
351726,8
343574,1
350800,1
342260,1
338586,1
310366,1
309700,5
313677,8
327790,9
342872,8
339066,1
310732,7
324566,8
325410,9
325372,9
346026,1
325274,9
352203,8
349116,8
368588,9
309868,1
360260,3
338815,8
342271,1
308024,1
364585,9
349820,3
342505,2
307449,8
339777,1
305249,8
324718,9
341178,8
340526,8
344537,8
312442,1
364373,1
314978,1
358514,8
346766,1
312718,1
330229,8
337938,8
365247,8
313560,1
342776,8
342059,1
325269,9
311347,1
346431,1
324161,4
328832,1
308958,1
347020,1
341107,8
311379,1
306118,4
341666,8
349182,7
340690,1
367910,10
347350,1
313402,1
324574,3
351475,1
308252,1
343074,8
309408,8
315395,8
336870,8
350702,2
329731,8
314967,8
330210,8
310964,1
340652,8
306129,8
322770,4
305923,1
305301,8
325388,9
339611,8
342454,1
308921,1
341820,3
363036,8
364291,1
309677,1
346232,1
315494,8
350023,5
339507,1
367157,9
324107,8
348605,8
359418,9
330223,1
361580,1
346662,1
363965,1
329801,1
344959,2
339813,8
344814,1
315360,1
368073,3
348609,1
338173,8
343413,2
337323,1
309435,1
310842,1
354107,9
348760,1
368000,1
350414,8
344892,3
343448,2
339396,1
315407,3
367165,9
321571,1
307129,1
313632,8
336591,8
368238,9
367820,9
305533,8
364854,7
340858,8
328212,9
332861,9
325000,9
306194,1
336140,9
368088,8
320060,8
315161,1
345272,1
337534,8
345326,8
364949,8
309758,7
311709,8
338504,8
352354,9
333228,8
368036,8
325070,9
329683,1
351093,8
359459,9
335992,9
308496,1
313418,1
340408,1
308185,1
305980,1
341634,8
306736,8
309282,1
368035,3
313935,8
336892,8
339750,8
333904,8
336034,9
368100,1
344917,1
309844,1
314210,1
341593,1
311804,8
325083,9
367885,2
332295,5
339579,8
350673,1
367896,1
343318,2
342391,3
348198,1
305910,1
348187,1
332253,6
366062,9
349243,1
348117,1
318651,8
349931,8
312066,1
305095,1
321281,3
347329,1
353456,1
368323,1
341942,3
313114,1
339906,1
361581,2
330072,1
329685,1
351627,8
342827,5
308163,1
311133,1
364016,8
325326,9
329028,8
340476,1
345380,2
350792,1
306044,1
324413,8
345693,3
314605,3
364978,8
314673,1
345231,1
341806,8
306881,1
305515,8
339403,1
338455,8
324976,9
311106,1
368185,1
337926,8
350553,8
306060,8
351828,8
315481,1
340490,3
304987,1
342182,8
340816,8
363182,8
341762,8
368014,3
367949,3
338702,8
342483,3
359875,10
314929,1
305823,1
311461,8
337541,7
305564,1
311883,1
340960,8
365776,8
310129,1
314531,7
326034,9
344838,1
336585,1
309440,1
330106,1
339209,1
311751,1
315529,1
310442,1
325065,9
336660,1
349301,10
369056,1
339885,5
351430,8
363642,1
323154,9
308671,1
363060,2
358799,1
314890,1
368259,9
338884,8
341974,8
342574,1
309388,8
307027,1
324396,1
340718,8
350968,8
332999,8
342352,5
324714,9
339845,8
351844,8
345418,1
310347,1
311434,1
342888,8
366434,9
345948,1
315801,1
351194,8
338621,8
315112,1
367373,5
340834,8
350517,1
335981,9
346817,1
336360,9
342590,1
362617,8
325396,9
347134,1
339884,8
368143,1
341658,1
343844,10
342719,1
339052,1
343685,8
311747,8
313081,2
311787,1
345511,1
307839,8
308821,8
369084,1
310638,3
346684,1
351563,1
350814,8
343079,8
362263,8
368063,8
343677,2
308184,1
305640,4
306986,1
350034,5
312086,1
347060,1
312084,1
336126,9
305851,1
314741,1
367985,9
351203,9
311373,1
312836,1
313957,1
340603,8
305193,8
327792,9
324943,9
346652,1
307066,1
324383,8
364087,8
360930,9
310783,1
322783,8
339354,1
342902,1
351757,9
308430,1
320061,8
312704,1
315618,8
343696,2
341456,2
349140,8
357041,3
324443,8
357893,9
356941,9
329667,3
334968,8
309327,3
311929,10
356470,3
337138,9
328966,10
356838,9
338026,4
328989,4
355696,9
312653,5
357488,9
344226,9
355581,9
314715,1
357061,9
369152,4
357518,9
358336,9
359464,1
357985,9
336857,9
356945,8
358294,9
324411,8
358256,8
310644,8
357941,9
333098,8
356487,9
355413,9
334401,8
357592,9
357730,9
332439,3
325161,9
307428,3
348762,10
338582,1
332921,9
338551,8
337736,8
336794,1
311954,8
307112,8
319959,8
310507,1
311894,8
324011,7
353956,8
314674,1
308547,1
309474,1
310318,5
309238,8
317621,6
323079,9
315399,1
311328,4
309224,8
312724,4
322947,3
349602,4
348989,8
310820,1
339482,1
328858,4
362519,9
341581,1
340219,1
343775,1
306212,8
313883,1
332476,9
306915,1
342493,1
338232,9
341751,1
315120,1
342617,1
311272,8
311268,1
315557,1
324278,2
309363,1
305146,1
313349,1
309956,1
339339,1
322640,4
365139,1
325951,9
365287,8
344002,1
325230,9
325964,9
336130,9
326003,9
325242,9
328141,9
328608,9
308052,1
311780,1
358543,8
348544,1
352175,3
351070,10
324103,1
322809,3
331902,8
322179,9
313208,5
338492,8
338204,8
336914,8
338345,9
306279,8
338201,4
338576,8
336437,8
338509,8
332362,4
332571,1
338757,3
337464,8
336502,9
332705,9
336146,9
366358,7
366290,10
366341,7
366363,10
366318,10
335729,8
345052,1
351054,1
352125,3
358216,3
358203,9
358186,9
358177,8
357411,3
357389,9
358102,9
357847,9
309172,4
356890,9
358306,9
356582,9
336162,9
357527,9
332358,4
318941,8
355230,3
338767,1
348303,1
348256,1
346474,1
345546,1
346736,1
344961,1
347375,1
337374,1
347045,1
345834,1
345473,1
346112,1
348326,1
338556,8
356033,8
357958,8
358273,9
358268,9
314959,8
336641,8
355837,9
356285,8
336926,1
355732,9
322798,8
339490,1
346779,1
341774,1
337529,1
348695,1
357283,3
357232,8
357800,9
357793,9
355946,9
337969,9
337086,8
336549,2
307908,1
306786,8
346387,1
344966,1
346727,1
346170,1
345173,1
345778,1
346406,1
347377,1
345119,1
346976,1
345250,1
348644,1
310546,1
357241,9
357231,9
357221,3
357065,10
357873,9
357611,9
357615,9
358322,9
357629,9
338817,9
356330,9
357511,9
355224,9
349250,8
335742,7
338481,9
338151,3
357474,9
346940,1
346092,1
345092,3
344833,1
339131,1
357333,3
357307,9
357563,9
330103,8
346729,1
348133,1
346785,1
344751,1
346629,1
337315,1
354115,8
314188,8
324991,9
324995,9
324989,9
364976,8
342492,1
339595,1
306227,1
339995,1
342013,1
364486,9
340741,1
363521,9
353949,8
346279,3
340443,1
346432,8
325028,9
361167,1
362547,8
350651,8
308977,3
362566,1
340910,1
310324,8
336127,9
308677,5
365272,8
314039,1
338359,8
325377,9
339385,2
309740,1
368031,3
347092,1
367388,10
343529,8
324968,9
315334,1
364869,10
350957,9
330051,8
351571,1
346827,1
350570,8
321292,1
369081,1
367933,8
346757,1
312090,1
325188,9
340984,1
363150,1
363537,1
306677,1
325286,9
313452,1
341235,1
351018,1
366020,9
341676,8
346640,1
324760,9
343167,2
305357,1
315574,1
324941,9
310526,1
364079,8
343124,1
352098,8
344760,1
351885,8
343721,8
349538,3
368071,9
324666,9
324933,9
351446,1
307226,1
325092,9
342480,5
341037,8
341921,1
329849,1
351661,1
359844,9
325347,9
346902,1
308513,8
312902,8
312269,1
332434,8
368269,9
339576,8
338981,1
345832,1
306774,1
347140,1
329923,1
313670,8
314478,1
354001,8
350388,8
313404,1
345667,1
313701,1
354740,8
349233,1
350035,5
314790,1
363038,1
346169,8
324384,8
359280,8
324553,8
348458,1
346966,1
312682,1
350542,1
340808,5
347000,3
350006,1
329464,8
329733,8
342451,1
360234,1
345480,8
336801,1
310494,1
363765,9
342227,1
346795,1
325046,9
367941,3
340428,1
310444,8
340137,1
339603,1
350415,2
339113,1
364965,8
368034,9
367839,8
310591,2
362088,1
305023,1
330070,3
364698,9
351683,1
363675,1
343153,1
307327,8
308648,1
319407,3
342166,3
366945,8
343720,2
368146,1
312317,1
311797,5
307798,3
305572,8
321962,8
310170,1
308199,1
342131,1
324440,8
342045,5
315159,8
342831,3
329599,1
309204,1
327780,9
345273,8
336754,6
350947,1
348613,8
366768,9
327752,9
335719,9
315514,1
333191,8
341128,1
344545,8
323227,9
343447,8
348261,8
335655,1
324401,1
312562,1
306373,1
339169,2
339531,1
309127,10
310571,8
308353,1
354886,3
308095,8
319041,8
352229,1
329889,1
308995,1
346751,8
349992,8
313443,8
347432,8
323123,9
349553,8
305523,1
308284,1
309560,1
305287,1
340981,1
341360,1
360193,1
351577,9
311634,8
339757,8
366214,8
329547,1
315040,8
343756,2
349809,3
350324,1
305536,1
363674,1
340548,5
339183,2
324796,9
304982,1
341471,8
305196,8
338059,8
344820,1
367907,3
368391,9
346196,1
342668,1
325003,9
339862,2
338679,1
361556,8
345201,8
304956,8
343412,8
312566,2
349331,7
341824,1
342264,8
345681,1
346391,1
339185,8
345143,8
367637,9
346002,1
324437,8
309129,1
351804,1
310443,1
336535,8
327749,9
343393,2
313164,5
339751,8
312532,1
311103,1
365644,9
305541,1
359417,9
310135,1
358777,7
329736,1
368645,8
314681,8
350688,8
306572,8
343724,1
313620,8
309899,1
348670,8
362188,1
310184,1
350018,5
366718,7
330117,1
366032,8
368127,1
312061,1
313421,4
346204,1
322411,6
339097,5
351829,1
355028,8
325067,9
348108,2
329043,1
341567,8
347112,8
325350,9
351442,1
315639,1
331836,5
309912,8
337248,1
313168,1
332644,9
362151,1
314103,3
360247,3
346942,8
339087,8
309698,8
352171,1
312513,8
362906,2
352270,8
354179,1
348095,8
340641,1
311421,1
348704,1
343731,3
350328,1
311640,1
329552,1
310618,5
337754,8
362694,8
348536,1
321980,3
329992,1
311617,4
323408,9
314333,1
335998,9
337272,1
339647,1
316549,5
312876,1
350591,1
352032,1
341715,8
341588,1
360233,1
313072,8
324425,1
342882,1
352095,8
322921,8
340105,1
324945,9
343305,8
308506,1
340170,8
305248,8
341800,3
332637,8
308825,1
307716,1
342613,8
312602,1
323846,9
317995,8
351721,1
340722,8
350420,1
339756,3
349375,1
362542,8
305450,1
365165,9
304906,1
368339,1
325102,9
308748,1
353470,1
367808,3
366962,9
349227,1
352249,8
307028,1
328967,3
306392,8
345919,1
329592,8
310078,3
306813,1
314465,8
325048,9
342809,2
312975,1
368332,9
340236,8
339270,8
361090,9
351546,1
342851,1
367946,1
366732,1
360306,3
360174,1
352128,2
315258,1
356544,9
306289,1
354916,5
342754,5
342262,8
318018,8
349991,8
305315,1
368267,1
337157,1
342386,8
323307,9
348651,1
337113,3
339261,1
350687,2
340867,1
329774,1
342707,1
343227,8
351891,1
352093,8
350052,5
327755,9
306086,2
364476,8
368224,9
324652,9
325257,9
339152,2
360925,9
332607,9
315854,1
351883,1
342926,8
304919,2
314354,8
325407,9
314421,7
344557,9
363880,8
310678,1
366897,9
349811,3
348330,8
309417,1
336977,1
338334,8
306236,8
306928,1
352181,7
323358,9
360203,1
311953,2
346184,1
312494,2
314928,1
345062,8
350757,8
342374,8
305056,1
350040,5
338810,1
345355,1
355082,5
351332,1
340884,1
310975,1
309427,2
305850,1
352156,2
311335,8
339568,8
335617,3
350047,5
305294,1
340143,1
341573,1
355025,8
309937,1
350059,5
312853,1
314417,1
350585,2
337552,3
333943,8
366544,9
325358,9
329339,1
324649,9
311732,1
347275,7
311274,8
308007,1
314274,8
338088,1
307056,8
350410,8
324703,4
330600,7
336090,9
354979,9
358979,9
350519,8
309134,8
325325,9
346769,1
311647,1
347921,8
342582,1
363386,2
341992,8
339130,2
351562,1
323185,9
344664,8
314607,1
349225,1
308416,1
342717,1
340045,8
320055,5
310835,1
312304,1
350845,8
311452,8
312039,1
343446,8
339739,8
311266,1
307224,3
308919,1
344411,1
306909,1
367965,9
352079,1
369101,1
343184,2
313828,3
357885,9
363562,9
359416,9
329072,1
360223,1
335652,1
338624,1
351765,8
330786,9
347437,1
344440,1
367938,1
311040,1
368261,8
364487,9
310088,8
350776,1
315553,1
342748,1
308374,1
368346,9
328839,8
361413,9
325015,9
325359,9
365817,9
351343,9
310313,8
358775,1
351448,1
350707,1
307282,1
345992,1
309686,1
351291,8
360437,8
345301,2
367974,9
349604,8
342700,1
340504,8
306293,1
360453,4
324565,8
341886,8
340557,1
346380,1
354820,9
342649,1
305061,1
319961,8
320682,5
336029,9
339075,1
351428,9
361939,6
367897,5
309944,1
340555,8
343261,8
341948,2
309823,8
308702,1
311021,1
344285,3
341345,5
306035,8
312710,1
329134,1
337145,1
341978,1
368674,8
315385,1
337965,7
325977,9
343622,1
337079,9
315417,1
358651,1
368280,3
339577,1
322039,9
337167,8
308879,1
345495,8
305224,3
352142,1
339049,8
341934,1
343066,3
342295,1
307971,1
306644,8
342036,1
315310,1
348568,1
335596,8
307505,1
366914,9
368282,3
311995,1
314982,7
327764,9
356213,9
310674,8
355909,9
357778,9
356496,9
338549,8
357164,9
313639,1
356905,9
335752,8
308288,1
315780,1
357781,9
305909,1
354952,3
357054,9
357937,9
346200,1
306190,8
337165,3
337807,1
324856,9
358005,9
336601,8
369164,9
356981,9
353403,10
357202,9
324838,9
319008,8
341710,2
358343,9
358806,3
357918,3
336069,8
313281,1
338320,1
309384,1
307455,1
345207,1
313228,3
349996,1
339742,2
366636,7
341673,8
341073,1
344968,8
314242,1
337687,7
340151,2
337563,8
332562,10
357068,9
337437,1
309410,7
357001,9
369319,8
313961,8
350586,3
317808,8
324433,8
356910,8
357225,9
357641,8
349266,5
357336,9
316894,1
356833,9
322030,9
313113,1
321778,1
321794,10
325004,9
314877,1
356212,9
357437,3
355910,9
357612,9
305237,1
369114,1
360301,3
313012,7
358323,10
350407,7
369170,8
324882,9
333097,8
311835,4
324066,4
357659,9
357806,9
325231,9
350750,1
309645,1
313153,1
319102,8
356495,9
324445,8
325299,9
325441,9
321981,3
314666,7
358271,9
369023,8
306259,7
356960,9
357037,9
355847,9
358252,3
356835,9
356527,3
355562,9
357753,9
357979,9
315098,2
356850,8
357020,3
324292,5
355339,9
356193,9
347620,8
308072,8
368675,8
358224,9
337148,8
356245,9
356857,10
356972,9
324394,4
355178,9
357206,9
311119,1
338700,9
358974,9
357765,10
324818,9
355802,10
347338,1
357578,9
357917,9
308442,1
356923,3
357013,9
355699,9
357626,3
357991,9
357239,8
357602,9
357653,9
357856,9
358538,8
356409,10
358141,9
356982,9
355448,9
358734,3
316459,8
357921,8
357112,9
361571,2
325292,9
356693,9
358062,9
322795,8
357190,9
307332,8
345906,3
356964,3
357824,9
356371,9
356322,9
357616,9
306861,5
357008,3
356311,9
357224,9
366248,3
314169,4
357111,9
325316,9
354791,3
310525,1
358320,9
355664,9
356843,9
355771,9
357522,9
356020,9
357686,3
360536,1
309082,1
330942,8
330939,8
325939,9
330929,8
332206,9
324754,9
311464,2
324641,9
332473,9
340794,3
344064,8
309880,3
310200,8
313249,8
336769,8
337665,8
337309,9
338020,8
336462,8
332665,2
315050,8
320297,8
322576,8
345877,8
337575,3
347394,8
346329,1
314457,5
313061,1
315339,1
346656,8
345283,8
319901,8
337499,8
336438,9
329005,8
337431,8
337427,8
337097,3
338784,8
308155,1
309667,1
314588,1
332706,9
358501,8
313141,8
346180,7
353836,7
323992,1
312970,1
331952,7
315442,1
332255,7
325953,9
309295,1
311321,1
366265,3
366321,10
366273,3
366288,7
366267,5
366357,10
366336,10
359199,3
346708,8
321167,5
361578,4
315598,4
322559,8
356644,10
357279,9
357272,9
357290,9
338888,9
332786,3
358001,9
325485,9
357193,9
357896,9
312362,8
357042,9
357796,8
329457,8
356904,9
357676,9
357679,9
338003,9
337882,7
358283,9
357567,9
357577,9
357529,9
357434,10
336015,8
356198,8
356180,9
316223,3
308126,7
334801,8
357365,9
358091,9
357343,3
358086,9
357396,8
358136,3
357422,9
358196,9
358231,9
358201,9
358204,9
358218,8
332367,4
358147,9
358127,9
357324,3
357319,3
358081,8
356636,9
309867,8
358058,9
322560,8
357215,9
357940,9
336444,9
310436,8
357868,9
311201,7
357815,9
357704,9
357585,9
358266,9
358257,3
330267,4
307427,8
355831,9
357513,10
355766,9
355719,9
336936,8
334534,8
338235,8
356130,9
308618,8
309563,3
345808,1
345224,1
347018,1
348603,1
345377,1
345401,1
338130,1
347221,1
348639,1
345708,1
345271,1
346369,1
346377,1
347010,1
344989,1
347042,1
344914,1
345460,1
345566,1
345622,1
346609,1
346125,1
348635,1
346837,1
345958,1
348333,1
345856,1
337580,1
346456,1
347012,1
345291,1
348618,1
345957,1
348085,1
346695,1
311902,1
335789,8
338113,8
337864,8
320798,8
337331,8
311206,2
337264,1
306339,3
336848,8
338110,3
337250,8
315631,4
320542,10
332114,9
324033,7
307988,8
337776,1
314481,1
321855,8
322022,8
315601,8
326032,9
336138,9
348078,8
305081,1
310741,8
312194,8
358076,8
350357,1
355019,3
355009,9
346948,10
351732,3
324645,9
325923,9
351483,1
358705,1
305649,5
309289,1
357353,3
357548,9
335977,9
336638,8
336084,8
324395,1
357859,8
323187,9
369158,8
358298,9
329542,8
330048,1
348139,7
357183,9
356063,9
351999,8
350317,8
310384,1
343151,8
341976,1
350014,5
322773,8
346101,1
341780,1
363884,1
341755,8
329640,8
314688,1
325032,9
345759,1
305982,1
365239,9
365222,9
349817,3
361390,2
350539,1
325349,9
337225,8
315232,1
337258,8
311688,4
350556,1
341761,3
312435,8
341191,8
358963,9
313952,1
314016,1
324129,9
306787,8
314341,1
339683,8
341662,1
367872,1
368141,9
313697,1
329379,1
367365,1
307182,1
360184,1
306408,4
341695,1
325088,9
312565,1
342562,1
325008,9
315157,2
311312,2
342020,8
350754,8
337024,8
312987,1
351766,1
324978,9
343424,3
351279,8
306910,1
339642,2
308457,1
335718,9
343313,1
364807,8
327801,9
337650,8
313436,1
346587,1
310201,8
306717,8
365814,9
309973,8
348535,8
360199,1
310343,1
367881,3
307838,1
330232,1
345216,1
343439,8
311927,1
315555,1
348289,1
341722,2
309727,8
309382,1
367925,1
346139,8
347129,1
341748,1
314963,8
329150,8
367799,1
310002,1
369063,1
360928,9
324950,9
350620,1
361842,8
349619,10
307076,1
366048,9
310700,1
346707,2
312487,1
363834,8
350024,5
339587,8
307923,8
306057,2
340317,2
341768,8
364651,8
336033,9
311664,1
344836,1
338025,8
313373,1
327815,9
348522,5
311369,2
307751,1
344896,1
309841,1
350829,8
367912,10
348676,1
323229,9
363731,2
306605,8
339418,1
346934,1
306265,1
306437,7
305794,1
367816,8
338066,1
325336,9
368345,9
312547,1
350004,1
304972,3
325266,9
314552,1
351501,9
311411,1
330090,8
339545,1
306640,1
311443,1
354998,3
358609,8
340716,1
349979,8
325322,9
343648,8
305983,1
339530,1
363280,8
324981,9
339996,8
368117,1
337176,4
313607,8
367838,1
368205,1
342930,1
367144,9
312670,5
341121,8
315141,8
368930,8
325390,9
305271,1
351684,8
341351,8
358392,1
364410,8
310779,1
365316,9
366856,9
325097,9
346058,1
313109,10
342005,8
341943,1
339670,1
325277,9
343440,3
340300,1
342773,1
307491,1
314014,1
342995,1
311194,1
310362,1
313772,1
309507,8
315581,8
329676,1
342065,1
315665,1
348347,2
365260,8
367932,1
306831,8
346365,8
314296,1
335669,1
339059,8
314332,2
341605,5
315837,8
315795,6
310363,1
335456,3
357151,9
356551,9
361569,2
357947,9
357934,9
325248,9
356628,9
321703,1
355306,9
331837,8
325091,9
352210,1
318066,8
355534,9
310961,10
334399,8
356018,9
355282,9
337202,3
357904,9
337956,8
308334,1
351038,4
327830,9
333149,9
336460,8
325014,9
357493,9
308817,1
337021,8
357914,9
355272,9
338186,9
355998,3
356927,10
355187,9
357731,9
357512,9
356300,9
344623,2
357528,9
324677,8
357038,3
356948,9
346024,1
368341,1
311921,1
306835,1
339715,1
350912,8
362730,8
319238,8
366050,9
305810,1
323864,5
350885,8
351009,8
307451,1
307819,1
330230,1
349121,8
306464,3
305331,1
305785,8
305243,8
351898,8
340168,1
310416,2
310352,4
325232,9
314955,8
360164,1
343180,1
308806,8
345677,1
339658,1
314312,1
368368,8
345086,1
328964,1
342770,2
313703,1
340604,1
352207,8
362401,9
335763,8
343642,2
350791,8
367903,1
343542,1
305241,1
345588,8
346371,10
324559,8
310945,1
329285,2
347113,1
308437,1
325010,9
345017,1
342821,1
317772,8
367936,3
310570,1
308992,8
325264,9
329278,1
324663,9
325043,9
344998,2
314513,1
344785,2
307790,1
308841,3
345336,1
315032,8
339653,2
369022,9
311410,8
307665,8
325038,9
307598,1
336650,1
349603,8
344848,1
306113,1
349703,5
307007,1
330840,8
310309,1
341129,2
336005,5
314275,8
307582,4
367939,9
305041,8
362319,8
342145,3
366822,9
313871,1
304940,1
358954,9
368371,1
339521,1
358154,9
345984,8
350009,1
351348,8
358532,2
351396,10
364841,1
324643,9
368212,8
368314,1
359552,3
363294,3
315170,8
314987,1
316402,2
325335,9
330164,8
340734,1
341248,1
312031,1
345098,8
315273,8
340909,1
306019,1
340095,8
351082,8
306561,1
342366,8
342413,1
329658,1
355644,8
367906,3
343698,2
352216,1
346606,1
340371,8
306757,1
368098,8
315392,1
329057,1
339256,1
364872,8
341149,1
313169,1
307252,8
348578,7
313120,1
305024,1
349104,1
368258,10
322483,10
306779,5
311126,1
350003,1
363130,8
305619,1
330621,7
366030,9
342424,8
349618,10
313420,1
341394,1
328841,8
343671,8
364842,1
312944,1
346446,1
342515,2
351148,8
313893,8
352084,8
308013,1
360171,1
340563,8
307197,4
340366,8
361704,8
348172,1
312225,1
352077,8
363764,8
337832,8
307775,1
350038,5
307147,1
328938,1
368361,9
332323,8
350026,5
358605,3
336749,1
308816,1
330114,1
311844,8
344965,1
351584,8
306836,8
310653,1
359438,9
341281,8
306751,1
341018,1
329100,8
343625,8
315802,8
339628,8
311095,1
352004,8
324903,9
313813,1
336811,8
359456,9
315637,1
346692,8
310452,1
315106,1
329958,1
310826,1
340033,1
307517,1
336795,8
310328,1
350827,1
367397,1
347307,1
348629,3
335620,8
307378,1
311318,1
312556,1
312167,8
329621,1
331892,4
310746,1
339167,8
305438,8
341826,1
366872,9
360189,1
351739,8
340921,1
340117,2
368125,1
339979,1
305893,1
314704,8
311198,1
342628,2
336895,1
365221,9
367958,3
352278,2
348537,1
368347,10
323221,9
369052,1
337858,8
325392,9
364394,1
311763,8
350029,5
343712,5
306650,8
341792,2
339205,1
364183,1
330019,1
322598,4
340663,1
315559,1
339045,1
340753,1
368245,1
306301,1
311475,3
351153,8
360283,3
307178,1
350788,1
344739,3
349503,3
306201,2
363678,8
367638,9
364980,9
310621,1
336056,5
367629,9
367817,9
343652,8
315513,4
308110,1
339593,1
339650,1
354829,9
361393,5
340062,1
340194,1
349812,3
313381,1
345150,1
345033,1
309577,1
330345,8
339371,1
310887,1
324561,8
361950,2
346469,1
311721,1
349745,10
312538,1
366941,8
312888,1
308025,1
366438,9
330142,1
329478,8
331715,3
357119,9
367976,1
357244,9
311986,1
356839,3
356151,9
308562,1
311909,5
357235,3
319443,8
338850,9
324439,8
322583,4
355602,9
346129,1
327783,9
310216,1
360454,4
310574,1
342456,1
340113,1
340409,1
360319,3
339345,1
361418,6
335745,9
308845,1
336100,9
341849,1
335371,8
340063,1
339263,8
351227,8
342977,8
368317,9
340450,8
309402,1
352054,1
307038,1
332802,8
342546,1
305793,1
369073,1
340624,2
312493,1
351162,2
307035,8
317123,8
341705,1
346179,8
346124,1
351019,1
347167,1
358503,7
338951,2
332120,5
342499,1
339381,1
310586,8
329936,1
344960,1
305844,3
356938,9
368666,2
356622,9
355858,9
361570,1
357174,10
346676,4
357140,9
358735,2
357764,10
355480,9
333021,8
345688,1
357281,10
357510,9
333260,8
356993,9
357009,9
357476,9
355558,1
338303,1
325253,9
357760,9
353843,8
311042,8
357813,9
338843,9
323868,6
357853,9
357543,9
357770,9
357705,10
325260,9
357846,9
356410,9
309682,8
357060,8
356934,9
356914,9
357919,9
357040,9
336627,8
357664,9
310086,8
337690,8
356666,9
357832,9
349260,5
357359,10
358347,3
311466,1
357667,3
357971,9
330609,1
356858,3
337719,8
313419,1
325245,9
317264,8
305192,1
324423,8
357211,3
337531,4
358198,9
314567,1
357988,9
359600,1
357172,8
310603,1
358808,3
348046,8
356581,9
356694,9
314608,1
307436,5
321614,9
332916,9
315575,8
332912,9
332590,9
309046,2
310025,1
324993,9
337461,8
322936,3
308732,8
338601,9
306184,8
337389,8
312429,6
313539,1
331915,3
358386,3
345163,1
306553,8
307249,1
337885,7
306631,8
353634,1
353407,8
314682,1
307158,1
322183,3
337357,10
310383,8
336432,8
334770,8
337446,8
336406,9
338463,8
337640,8
332447,10
338571,8
335607,1
306557,8
334777,3
338265,8
337571,8
337062,8
311179,2
312222,8
329897,2
334776,8
313624,1
315685,2
307430,1
351578,10
307270,1
314889,1
315812,1
348582,8
312396,2
321328,1
322669,8
329324,6
322595,3
315171,8
332461,1
306685,1
307406,1
332363,4
308687,8
309729,8
307621,8
324656,9
322942,3
308314,1
306989,1
310067,1
310675,5
346151,3
366344,10
366349,10
325995,9
366298,9
325992,9
336357,9
336142,9
337919,1
325279,9
361559,8
358616,9
336843,9
337679,8
358116,9
310295,1
357447,9
333396,8
334646,8
358210,9
357761,9
355336,9
355776,9
356990,9
356956,9
356685,3
356688,8
357429,9
357419,9
358180,9
357972,9
357138,9
357081,9
357880,9
358263,9
358278,9
358301,9
325477,8
356807,9
357955,10
356894,10
357695,9
358329,9
338451,8
355677,9
312576,3
355033,9
322780,8
311623,2
328178,9
325454,9
358046,9
321925,8
358050,9
357043,9
357833,9
358312,9
358295,3
321139,8
358169,9
358211,3
357424,3
358135,9
357848,9
357059,9
357034,9
355199,9
355244,9
320067,7
345311,1
348442,1
347120,1
346678,1
348361,5
345375,1
309234,3
346888,1
337984,1
345407,1
313000,4
345093,1
346881,1
346420,1
348376,1
345696,1
358031,8
357905,9
355995,9
357127,3
357722,9
356864,9
357677,3
356855,9
344983,1
345071,1
345623,1
345187,1
347041,1
347049,1
338783,1
346955,1
345670,1
308197,1
347128,1
345712,1
345870,1
345678,1
345431,1
313191,1
322133,9
311220,1
331813,1
331814,1
308471,1
311108,1
343744,1
312393,1
324479,8
308733,1
364703,9
362409,9
339319,1
362149,9
343774,1
364700,9
363635,9
340466,1
312072,8
311346,1
305761,1
311832,1
315217,1
314336,8
314266,3
362030,9
311573,1
351324,9
362153,9
338103,9
342071,1
340309,1
363227,9
307842,1
338651,9
305607,1
306653,1
342095,1
342627,1
343082,1
341161,1
340007,1
354920,5
340202,1
342078,1
319380,4
365646,8
340054,1
341909,1
324436,8
325036,9
304930,1
346599,2
360158,1
340144,1
368179,1
314906,3
341804,1
310602,8
341868,8
369240,3
349238,1
347320,1
342249,8
341623,1
342665,1
345740,3
312866,1
354863,3
340322,1
308555,4
307978,1
350671,1
361999,9
343433,8
311168,8
359842,9
365008,8
350910,1
305277,1
350066,3
341233,1
325108,9
346183,8
345793,1
343510,5
307501,1
307823,8
315602,1
311790,1
308846,8
314175,1
337285,4
333482,3
336004,9
314842,4
362418,2
350811,1
349818,3
312696,8
368633,8
349519,3
311085,1
310859,1
324931,9
339553,2
351449,1
306732,8
333970,8
340027,1
351711,8
313614,1
363361,9
367961,3
305861,1
312823,1
368351,8
365803,9
344769,1
340499,1
313456,1
308117,8
315236,5
345396,1
367655,3
339264,1
339550,1
367894,9
369091,1
343218,2
368159,8
338978,8
346001,8
312732,8
340682,8
307626,2
366855,9
341362,1
347358,1
348570,8
305929,1
366816,9
342449,8
345352,8
321529,5
306440,1
312088,8
345641,1
310187,8
363157,1
364699,8
343252,8
305676,8
368192,3
342619,8
345454,1
350581,1
332728,6
339882,8
368047,3
360157,1
367922,8
313548,1
324570,8
341170,8
335999,9
341607,2
305072,1
348248,1
336012,8
340040,1
339832,8
310423,8
350630,8
315195,1
324639,9
360268,3
313833,8
329790,1
308081,2
313288,3
368373,1
341413,8
330352,1
344865,8
325490,9
339314,1
307679,1
335936,8
340279,8
315202,1
368265,9
324963,9
346961,1
343331,2
339841,3
346577,1
367370,4
306480,1
365529,9
349372,1
330227,1
342387,1
368095,1
361710,8
340922,1
325080,9
351447,8
308765,1
331845,4
367066,9
328614,9
332757,9
346438,1
339698,1
329081,1
365805,9
325928,9
342663,8
368220,10
307512,8
359449,9
361081,9
345851,1
307488,1
320046,8
312489,1
356872,9
310056,1
318029,8
369045,1
338084,8
337669,8
369252,7
358010,9
357534,9
357850,9
357797,3
337132,8
338105,8
320552,5
357646,9
324673,9
312262,1
327777,9
310287,1
356892,3
336937,8
311917,1
349269,5
357265,9
309038,1
356906,9
356458,9
337035,8
333090,8
357977,9
324867,9
324892,9
369154,4
356896,9
355869,9
367810,5
333170,8
356476,9
347086,10
364993,10
357137,9
357755,9
358065,9
357157,9
357767,3
358013,9
357962,9
321958,1
351779,1
361567,1
355839,9
357924,9
355788,9
346876,8
355422,9
357746,9
361255,9
357170,9
308676,8
355270,9
357643,9
357882,10
355491,9
356979,9
344798,1
356882,9
358350,9
357784,9
356989,9
358042,9
355518,8
331153,8
357798,9
356416,8
358003,9
353945,4
356942,9
360249,3
329957,1
357537,9
356909,9
356863,9
356834,9
331919,8
341791,1
354785,8
306629,3
356714,9
331821,8
338387,8
356426,9
358313,9
357651,9
330003,9
358748,1
355782,9
337396,8
356634,9
358378,9
361684,8
357723,3
356868,9
333911,8
357123,9
325424,9
356901,9
306220,4
356898,3
340704,1
312777,1
349627,4
369207,8
357507,9
369212,9
325079,9
341590,8
368591,3
310235,1
362838,2
315457,1
309732,1
312430,8
307448,8
360317,3
341869,8
366499,9
340836,2
351719,1
349236,1
362762,8
340001,5
359000,9
342521,8
368161,1
342673,8
343339,1
339134,2
348407,8
324877,9
339065,8
340142,1
307145,1
325952,9
327793,9
367327,9
341680,8
314732,1
309184,1
365704,9
347186,3
307646,5
368336,1
313979,1
309413,2
310406,8
323231,9
345479,8
352285,8
314102,1
314726,4
338937,1
365157,10
342310,8
308295,1
335770,8
316290,8
360432,8
313577,1
367994,1
306713,1
311426,1
340529,1
350593,1
338979,1
342380,8
343221,5
350621,8
308237,1
366409,8
340127,1
312964,1
339800,8
337308,4
325012,9
351619,8
329497,8
329876,1
332611,3
305189,8
313598,1
325228,9
342101,8
345102,1
363943,2
305521,8
360187,1
339708,1
306249,1
339827,1
325332,9
348542,1
364852,7
327818,9
309017,8
351228,1
306406,1
341282,1
350561,1
307111,1
335603,8
342849,1
367821,1
362962,1
349273,1
346970,1
324567,8
308164,1
341329,8
311430,1
341961,1
348235,8
306971,1
307477,1
366516,1
342883,8
321280,1
